time,sn_day_avg,sn_day_max,sn_day_min,sm_day_avg,sm_day_max,sm_day_min,sx_day_avg,sx_day_max,sx_day_min,dn_day_avg,dn_day_max,dn_day_min,dm_day_avg,dm_day_max,dm_day_min,dx_day_avg,dx_day_max,dx_day_min,ta_day_avg,ta_day_max,ta_day_min,pa_day_avg,pa_day_max,pa_day_min,tp_day_avg,tp_day_max,tp_day_min,ua_day_avg,ua_day_max,ua_day_min,rc_day_avg,rc_day_max,rc_day_min,rd_day_avg,rd_day_max,rd_day_min,ri_day_avg,ri_day_max,ri_day_min,rp_day_avg,rp_day_max,rp_day_min,
2016-03-01 00:00:00+01,0.95,4.40,0.00,2.65,6.40,0.50,4.33,9.70,1.10,218.33,359.00,0.00,190.50,359.00,0.00,176.33,359.00,0.00,2.49,4.90,0.00,982.98,985.30,981.20,3.31,5.00,1.30,81.60,85.70,78.40,4.54,5.88,0.00,19476.88,26130.00,0.00,0.23,2.90,0.00,2.95,4.30,0.00,
2016-03-02 00:00:00+01,0.74,3.90,0.00,1.96,6.50,0.10,3.06,9.70,0.30,186.12,358.00,1.00,226.08,357.00,1.00,236.38,359.00,0.00,3.59,8.20,-0.40,980.14,984.40,975.80,4.47,8.90,1.10,65.65,80.60,46.30,0.25,5.88,0.00,1125.67,26130.00,0.00,0.00,0.00,0.00,0.14,3.30,0.00,
2016-03-03 00:00:00+01,0.53,2.90,0.00,1.59,4.30,0.20,2.64,5.80,0.60,161.92,359.00,0.00,60.17,358.00,3.00,116.04,287.00,20.00,5.70,8.20,4.20,975.20,976.00,974.30,6.04,8.90,4.50,65.53,74.40,58.30,0.12,0.19,0.00,1329.96,2020.00,0.00,0.01,0.80,0.00,0.54,0.80,0.00,
2016-03-04 00:00:00+01,0.45,2.20,0.00,1.27,3.30,0.20,2.09,5.10,0.50,177.62,359.00,0.00,141.21,359.00,0.00,139.00,359.00,0.00,5.31,7.00,4.10,977.63,978.70,975.60,5.67,7.50,4.50,66.97,73.60,56.90,0.01,0.19,0.00,85.58,2020.00,0.00,0.00,0.00,0.00,0.03,0.80,0.00,
2016-03-05 00:00:00+01,0.52,2.80,0.00,1.68,4.10,0.10,2.88,6.50,0.40,144.46,359.00,0.00,99.83,359.00,15.00,158.67,356.00,3.00,5.78,11.20,1.00,975.19,977.70,973.30,6.37,11.60,2.40,63.97,81.10,37.10,0.00,0.00,0.00,0.00,0.00,0.00,0.00,0.00,0.00,0.00,0.00,0.00,
2016-03-06 00:00:00+01,0.68,4.10,0.00,2.06,6.50,0.10,3.40,11.90,0.30,169.46,359.00,0.00,186.17,358.00,1.00,203.38,359.00,0.00,8.09,12.50,3.70,973.62,977.80,971.00,8.33,12.90,4.30,56.01,73.00,41.20,0.00,0.01,0.00,13.67,40.00,0.00,0.00,0.40,0.00,0.24,0.70,0.00,
2016-03-07 00:00:00+01,0.56,2.70,0.00,1.62,4.00,0.10,2.65,6.00,0.30,188.00,359.00,0.00,90.83,359.00,0.00,118.58,359.00,0.00,5.24,7.60,2.00,977.44,978.50,976.40,5.65,7.90,3.10,73.11,77.10,68.10,0.13,0.25,0.00,1306.50,2550.00,0.00,0.01,0.90,0.00,0.52,0.90,0.00,
2016-03-08 00:00:00+01,0.39,2.30,0.00,1.13,3.00,0.10,1.89,4.70,0.40,215.04,359.00,0.00,217.96,359.00,0.00,154.04,359.00,0.00,6.40,8.90,4.40,983.22,988.40,978.20,6.73,9.80,4.60,66.68,78.90,53.10,0.02,0.25,0.00,305.46,2550.00,0.00,0.01,0.60,0.00,0.12,0.90,0.00,
2016-03-09 00:00:00+01,0.49,3.20,0.00,1.70,5.60,0.10,2.97,10.70,0.20,173.96,359.00,0.00,151.96,356.00,1.00,174.92,359.00,0.00,5.79,8.50,3.50,988.00,989.40,986.60,6.06,9.00,4.00,72.85,82.10,59.80,0.01,0.16,0.00,82.17,1940.00,0.00,0.00,0.00,0.00,0.03,0.80,0.00,
2016-03-10 00:00:00+01,0.77,4.10,0.00,2.24,9.10,0.30,4.00,16.30,0.60,224.71,359.00,0.00,61.21,359.00,0.00,106.42,259.00,16.00,5.09,5.90,4.70,989.29,992.00,986.60,5.24,5.90,4.80,80.16,83.70,70.80,0.03,0.07,0.00,328.71,770.00,0.00,0.00,0.60,0.00,0.30,0.70,0.00,
2016-03-11 00:00:00+01,1.05,4.60,0.00,2.82,6.30,0.20,4.66,17.10,0.50,265.38,359.00,0.00,189.54,359.00,0.00,70.08,359.00,0.00,6.01,8.10,4.80,993.99,996.40,991.80,6.17,8.40,5.00,81.54,84.40,73.70,0.00,0.07,0.00,40.75,770.00,0.00,0.00,0.30,0.00,0.05,0.70,0.00,
2016-03-12 00:00:00+01,1.13,5.70,0.00,2.60,8.80,0.50,4.11,13.80,1.20,302.08,359.00,0.00,153.33,359.00,0.00,54.25,359.00,0.00,5.37,5.80,5.00,998.24,1000.70,996.20,5.49,6.00,5.10,81.63,84.00,77.90,0.11,0.19,0.00,878.88,1250.00,0.00,0.01,2.10,0.00,1.50,2.10,0.00,
2016-03-13 00:00:00+01,1.06,4.30,0.00,2.67,11.30,0.20,4.31,24.30,0.60,233.21,359.00,0.00,80.08,359.00,0.00,80.08,359.00,0.00,4.11,5.40,3.10,1002.78,1004.90,1000.40,4.56,5.70,3.80,73.41,84.40,59.00,0.21,0.27,0.00,1750.83,2260.00,0.00,0.01,1.10,0.00,1.19,2.10,0.00,
2016-03-14 00:00:00+01,0.50,3.20,0.00,1.51,5.00,0.10,2.56,8.20,0.40,236.12,359.00,0.00,197.17,359.00,0.00,128.54,359.00,0.00,4.17,7.70,0.10,1001.39,1004.80,994.30,5.09,8.80,2.00,55.26,71.60,41.10,0.01,0.27,0.00,95.75,2260.00,0.00,0.00,0.00,0.00,0.05,1.30,0.00,
2016-03-15 00:00:00+01,0.84,11.30,0.00,2.76,14.60,0.30,4.82,27.40,0.70,208.71,359.00,0.00,124.12,359.00,0.00,134.00,359.00,0.00,1.70,3.80,0.60,993.93,999.00,990.80,2.86,4.30,2.00,75.48,82.10,59.20,0.00,0.01,0.00,113.21,290.00,0.00,0.00,0.10,0.00,0.04,0.10,0.00,
2016-03-16 00:00:00+01,0.54,3.40,0.00,1.93,6.10,0.20,3.40,9.10,0.30,191.08,359.00,0.00,111.79,358.00,1.00,150.75,359.00,0.00,2.98,7.80,-0.50,1003.52,1005.20,999.10,4.22,8.90,1.30,58.22,74.50,42.40,0.00,0.01,0.00,12.29,290.00,0.00,0.00,0.00,0.00,0.00,0.10,0.00,
2016-03-17 00:00:00+01,0.61,4.20,0.00,1.64,6.80,0.10,2.59,8.10,0.20,216.17,349.00,1.00,259.08,352.00,5.00,235.92,359.00,0.00,4.07,10.90,-2.00,999.50,1004.40,994.00,5.24,11.40,0.40,59.83,81.50,35.90,0.00,0.00,0.00,0.00,0.00,0.00,0.00,0.00,0.00,0.00,0.00,0.00,
2016-03-18 00:00:00+01,0.83,4.70,0.00,2.66,8.60,0.10,4.48,13.40,0.30,219.08,358.00,2.00,259.75,359.00,0.00,214.00,359.00,0.00,5.91,12.10,0.40,987.94,993.80,984.00,6.64,12.70,2.20,56.64,72.80,33.20,0.00,0.00,0.00,0.00,0.00,0.00,0.00,0.00,0.00,0.00,0.00,0.00,
2016-03-19 00:00:00+01,0.66,3.80,0.00,1.91,5.70,0.20,3.21,8.90,0.50,232.04,359.00,0.00,202.12,359.00,0.00,145.54,359.00,0.00,2.56,6.10,-0.30,990.64,992.50,987.80,3.71,7.20,1.60,42.89,71.40,28.60,1.38,1.45,0.00,647.00,680.00,0.00,0.06,28.50,0.00,28.66,30.00,0.00,
2016-03-20 00:00:00+01,0.87,4.60,0.00,2.58,7.60,0.10,4.13,10.00,0.40,201.08,351.00,2.00,252.96,354.00,0.00,257.42,359.00,0.00,3.95,6.20,0.80,986.95,989.60,985.50,4.55,6.60,2.40,54.92,61.80,44.00,0.07,1.45,0.00,56.12,680.00,0.00,0.00,0.40,0.00,1.54,30.00,0.00,
2016-03-21 00:00:00+01,0.79,5.00,0.00,2.52,7.50,0.30,4.18,11.00,0.70,206.17,340.00,93.00,262.96,348.00,0.00,241.29,359.00,0.00,5.66,7.80,4.00,984.75,985.90,982.50,5.93,8.40,4.40,59.24,69.80,48.40,0.20,0.50,0.00,680.50,1180.00,0.00,0.02,13.30,0.00,6.33,16.80,0.00,
2016-03-22 00:00:00+01,0.92,4.90,0.00,2.97,6.90,0.20,4.94,12.70,0.50,210.58,336.00,90.00,265.58,355.00,187.00,244.88,359.00,0.00,5.45,7.50,3.60,981.06,982.20,980.00,5.77,8.00,4.10,66.04,79.00,52.90,0.29,0.50,0.00,2545.42,3330.00,0.00,0.01,1.80,0.00,2.16,16.80,0.00,
2016-03-23 00:00:00+01,0.44,2.90,0.00,1.38,4.40,0.10,2.34,6.70,0.30,172.58,359.00,0.00,123.04,359.00,1.00,144.08,359.00,2.00,4.55,6.50,1.40,980.29,981.90,978.60,5.04,7.50,2.70,66.27,80.90,49.80,0.66,0.88,0.00,3491.38,4650.00,0.00,0.03,2.50,0.00,2.29,2.90,0.00,
2016-03-24 00:00:00+01,0.72,4.70,0.00,1.89,6.60,0.20,3.10,9.70,0.40,236.08,359.00,0.00,117.75,359.00,0.00,95.88,359.00,0.00,3.55,8.20,-0.10,983.30,987.70,978.80,4.67,9.10,1.80,47.48,64.00,29.70,0.04,0.88,0.00,197.00,4650.00,0.00,0.00,0.00,0.00,0.12,2.90,0.00,
2016-03-25 00:00:00+01,0.39,2.30,0.00,1.10,4.00,0.10,1.78,7.00,0.20,192.71,358.00,3.00,240.42,359.00,2.00,230.29,359.00,0.00,5.40,9.30,0.10,986.87,988.00,985.20,6.23,10.20,1.80,53.03,71.30,34.80,0.00,0.01,0.00,36.54,380.00,0.00,0.00,0.10,0.00,0.02,0.20,0.00,
2016-03-26 00:00:00+01,0.49,3.60,0.00,1.41,6.70,0.10,2.30,10.60,0.20,197.96,358.00,2.00,234.38,358.00,0.00,222.08,359.00,0.00,6.35,7.70,5.00,989.16,991.40,986.90,6.49,8.10,5.10,73.08,78.60,64.40,0.70,1.69,0.00,1010.42,2440.00,0.00,0.07,50.00,0.00,24.29,57.80,0.00,
2016-03-27 00:00:00+01,0.41,2.60,0.00,1.42,5.30,0.10,2.52,7.30,0.30,154.40,359.00,0.00,112.95,359.00,1.00,162.40,356.00,0.00,7.18,11.80,4.00,989.28,991.50,987.30,7.45,12.80,4.50,62.31,80.60,38.40,0.09,1.69,0.00,124.05,2440.00,0.00,0.00,0.00,0.00,2.94,57.80,0.00,
2016-03-28 01:00:00+02,0.35,2.50,0.00,1.03,4.60,0.10,1.70,6.20,0.20,182.83,357.00,1.00,223.38,358.00,0.00,221.17,359.00,0.00,8.81,15.70,0.80,984.62,987.60,981.40,9.65,17.10,2.40,48.71,75.20,25.90,0.00,0.00,0.00,0.00,0.00,0.00,0.00,0.00,0.00,0.00,0.00,0.00,
2016-03-29 01:00:00+02,0.92,7.20,0.00,2.96,11.00,0.10,4.89,16.10,0.20,214.67,359.00,2.00,250.46,359.00,1.00,233.12,359.00,0.00,10.26,15.60,5.30,982.29,986.60,980.00,10.48,16.20,5.40,46.44,72.90,26.00,0.11,0.17,0.00,350.42,590.00,0.00,0.01,2.10,0.00,1.97,2.70,0.00,
2016-03-30 01:00:00+02,0.62,4.10,0.00,1.93,8.00,0.10,3.18,11.60,0.20,202.33,359.00,0.00,238.50,359.00,0.00,221.88,359.00,0.00,10.73,16.90,3.40,986.61,987.80,985.30,11.10,17.50,4.10,51.30,78.20,26.80,0.01,0.17,0.00,113.88,590.00,0.00,0.00,0.60,0.00,0.17,2.70,0.00,
2016-03-31 01:00:00+02,0.45,2.70,0.00,1.49,4.60,0.10,2.58,7.00,0.30,192.92,359.00,0.00,170.75,359.00,0.00,163.92,359.00,0.00,12.35,17.90,8.40,985.82,987.80,982.60,12.79,19.00,8.40,64.28,84.70,39.40,0.27,0.29,0.01,882.88,920.00,50.00,0.01,4.90,0.00,5.68,5.90,0.70,
2016-04-01 01:00:00+02,0.71,3.80,0.00,2.13,6.40,0.30,3.53,9.30,0.90,234.62,359.00,0.00,224.25,359.00,0.00,156.54,359.00,0.00,6.36,9.10,3.20,988.86,997.80,980.90,6.60,9.20,3.80,71.14,83.80,59.00,0.04,0.29,0.00,421.17,920.00,0.00,0.00,0.30,0.00,0.38,5.90,0.00,
2016-04-02 01:00:00+02,0.47,3.20,0.00,1.65,5.80,0.10,2.90,10.60,0.40,171.88,359.00,0.00,147.83,359.00,0.00,170.79,358.00,0.00,6.75,12.80,0.00,998.68,1001.30,995.90,7.68,13.70,1.60,49.68,79.50,24.40,0.00,0.06,0.00,44.71,890.00,0.00,0.00,0.00,0.00,0.01,0.30,0.00,
2016-04-03 01:00:00+02,0.42,4.00,0.00,1.31,4.80,0.10,2.23,7.30,0.40,214.17,359.00,0.00,116.33,359.00,0.00,123.79,359.00,0.00,11.16,19.70,2.20,991.07,995.90,987.00,11.82,20.60,3.30,40.90,60.90,24.60,0.00,0.00,0.00,0.42,10.00,0.00,0.00,0.00,0.00,0.00,0.00,0.00,
2016-04-04 01:00:00+02,0.47,4.00,0.00,1.46,5.60,0.10,2.54,8.10,0.30,199.12,359.00,0.00,142.17,359.00,0.00,152.62,359.00,0.00,15.80,24.70,6.60,982.96,987.00,979.60,16.22,25.60,6.60,44.04,64.30,23.40,0.00,0.00,0.00,0.00,0.00,0.00,0.00,0.00,0.00,0.00,0.00,0.00,
2016-04-05 01:00:00+02,0.35,2.20,0.00,0.89,3.60,0.10,1.46,5.30,0.30,187.71,359.00,0.00,209.29,359.00,0.00,203.62,359.00,0.00,18.48,26.90,8.70,980.09,981.20,978.80,19.21,28.20,8.60,43.07,75.30,16.30,0.00,0.00,0.00,0.00,0.00,0.00,0.00,0.00,0.00,0.00,0.00,0.00,
2016-04-06 01:00:00+02,0.55,4.10,0.00,1.63,5.40,0.10,2.69,8.40,0.30,228.75,353.00,0.00,273.38,358.00,0.00,210.04,359.00,0.00,13.85,18.00,8.80,983.25,985.50,979.50,14.13,19.10,8.70,59.65,75.00,47.20,0.00,0.00,0.00,0.00,0.00,0.00,0.00,0.00,0.00,0.00,0.00,0.00,
2016-04-07 01:00:00+02,0.35,3.10,0.00,1.11,4.30,0.10,1.90,7.30,0.30,210.83,357.00,1.00,243.29,359.00,0.00,184.96,359.00,0.00,13.03,20.80,6.30,984.68,985.90,983.10,13.57,22.20,6.20,59.74,82.50,32.20,0.15,2.31,0.00,376.88,3620.00,0.00,0.10,16.40,0.00,2.23,16.50,0.00,
2016-04-08 01:00:00+02,0.62,3.70,0.00,1.59,5.00,0.10,2.56,6.90,0.30,237.25,359.00,0.00,144.54,359.00,0.00,103.12,359.00,0.00,10.24,11.60,7.70,982.44,984.50,979.60,10.42,12.00,7.90,73.80,84.00,59.90,0.33,2.71,0.00,861.04,4330.00,0.00,0.05,6.80,0.00,5.42,16.50,0.00,
2016-04-09 01:00:00+02,0.39,2.40,0.00,1.20,3.70,0.20,2.01,6.20,0.40,260.00,359.00,0.00,243.54,359.00,0.00,112.79,359.00,0.00,7.81,8.40,7.20,978.47,979.60,977.70,7.91,8.50,7.30,80.67,85.40,74.10,1.85,2.61,0.00,6162.54,10210.00,0.00,0.10,7.60,0.00,6.91,7.70,0.00,
2016-04-10 01:00:00+02,0.65,2.80,0.00,1.87,4.80,0.20,3.13,9.90,0.50,236.62,352.00,2.00,281.29,359.00,0.00,196.83,359.00,0.00,7.28,8.20,6.60,982.91,986.20,979.10,7.45,8.40,6.70,81.20,85.40,74.60,0.12,2.61,0.00,613.50,10210.00,0.00,0.00,0.10,0.00,0.40,7.70,0.00,
2016-04-11 01:00:00+02,0.56,2.40,0.00,1.44,3.50,0.10,2.28,4.90,0.30,204.38,291.00,73.00,253.71,336.00,168.00,228.12,359.00,0.00,8.63,10.20,7.00,987.05,987.70,986.10,8.83,10.40,7.00,79.75,84.30,72.40,0.00,0.02,0.00,16.96,400.00,0.00,0.00,0.00,0.00,0.00,0.10,0.00,
2016-04-12 01:00:00+02,0.35,2.30,0.00,0.97,3.40,0.10,1.56,4.10,0.30,165.75,359.00,0.00,210.38,347.00,1.00,228.88,359.00,0.00,11.19,14.00,9.20,984.94,987.00,983.30,11.57,15.80,9.40,73.19,81.10,57.30,0.04,0.11,0.00,277.92,780.00,0.00,0.00,1.10,0.00,0.40,1.10,0.00,
2016-04-13 01:00:00+02,0.58,5.10,0.00,1.63,7.30,0.10,2.63,10.90,0.40,213.38,359.00,0.00,244.46,359.00,0.00,216.12,359.00,0.00,14.24,20.40,7.90,980.78,983.60,977.40,14.65,21.20,7.80,57.55,83.30,30.90,0.00,0.11,0.00,33.04,780.00,0.00,0.00,0.00,0.00,0.05,1.10,0.00,
2016-04-14 01:00:00+02,0.59,3.90,0.00,1.71,5.20,0.10,2.77,9.00,0.30,238.54,358.00,1.00,271.62,359.00,0.00,182.21,359.00,0.00,10.61,13.90,8.60,978.61,983.60,976.00,10.81,14.50,8.60,72.12,81.70,58.10,0.23,0.70,0.00,1535.12,4550.00,0.00,0.03,2.50,0.00,0.91,2.70,0.00,
2016-04-15 01:00:00+02,0.63,3.40,0.00,1.81,6.00,0.10,2.93,8.20,0.20,198.58,359.00,0.00,237.21,355.00,0.00,231.83,359.00,0.00,11.45,16.80,8.00,983.65,986.00,981.60,11.93,18.60,8.10,60.36,81.90,35.80,0.08,1.95,0.00,459.50,7460.00,0.00,0.05,3.70,0.00,0.32,4.60,0.00,
2016-04-16 01:00:00+02,0.33,3.10,0.00,0.96,8.10,0.10,1.62,13.50,0.20,192.88,359.00,0.00,180.79,359.00,0.00,175.29,359.00,0.00,13.64,21.00,8.30,981.09,982.40,979.20,14.15,23.10,8.30,62.80,84.70,31.60,1.01,3.46,0.00,531.12,1700.00,0.00,0.14,39.90,0.00,11.76,39.90,0.00,
2016-04-17 01:00:00+02,0.71,5.00,0.00,2.10,8.20,0.10,3.50,15.50,0.40,217.25,359.00,0.00,216.54,359.00,0.00,184.71,359.00,0.00,15.65,23.30,7.60,980.66,985.80,977.40,16.01,24.00,7.50,57.62,85.10,29.90,0.31,3.57,0.00,473.50,5140.00,0.00,0.09,9.20,0.00,2.95,39.90,0.00,
2016-04-18 01:00:00+02,0.50,3.10,0.00,1.37,5.20,0.20,2.23,7.90,0.40,207.79,359.00,0.00,228.29,359.00,0.00,190.62,359.00,0.00,8.87,11.20,5.00,991.00,993.10,985.50,9.10,11.30,5.20,69.58,81.20,57.20,2.26,6.23,0.00,8594.58,10760.00,20.00,0.21,19.10,0.00,5.11,19.10,0.00,
2016-04-19 01:00:00+02,0.63,4.20,0.00,1.92,7.00,0.10,3.15,8.80,0.40,214.50,359.00,17.00,269.04,358.00,4.00,239.50,359.00,0.00,8.85,12.70,4.50,993.12,994.20,991.90,9.23,13.20,4.70,55.24,82.90,33.50,0.11,2.54,0.00,462.08,10760.00,0.00,0.00,2.20,0.00,0.27,4.90,0.00,
2016-04-20 01:00:00+02,0.91,4.00,0.00,3.05,7.50,0.40,5.15,11.70,0.80,221.21,311.00,60.00,277.88,347.00,155.00,258.04,359.00,0.00,8.43,12.20,4.70,996.79,999.80,993.30,8.77,12.90,4.90,51.07,65.20,36.90,0.01,0.10,0.00,60.75,280.00,0.00,0.00,0.60,0.00,0.35,2.40,0.00,
2016-04-21 01:00:00+02,0.67,3.90,0.00,1.97,6.10,0.10,3.21,9.50,0.30,210.62,357.00,1.00,261.00,359.00,0.00,235.79,359.00,0.00,9.54,15.80,3.60,996.65,999.90,990.30,10.07,16.40,4.10,48.13,69.90,24.90,0.00,0.02,0.00,5.08,120.00,0.00,0.00,0.00,0.00,0.03,0.60,0.00,
2016-04-22 01:00:00+02,0.68,3.80,0.00,2.25,7.90,0.20,3.88,12.80,0.50,220.08,359.00,0.00,219.79,359.00,0.00,179.29,359.00,0.00,10.22,15.50,3.30,987.73,990.30,986.50,10.71,16.20,4.00,45.34,74.80,23.00,0.00,0.00,0.00,0.00,0.00,0.00,0.00,0.00,0.00,0.00,0.00,0.00,
2016-04-23 01:00:00+02,0.37,2.70,0.00,1.19,5.50,0.10,2.05,8.20,0.30,216.83,358.00,0.00,188.67,359.00,0.00,144.04,359.00,0.00,10.65,16.50,4.60,980.74,986.70,975.70,11.26,17.70,4.90,43.78,64.70,23.80,0.00,0.00,0.00,0.00,0.00,0.00,0.00,0.00,0.00,0.00,0.00,0.00,
2016-04-24 01:00:00+02,0.59,3.00,0.00,1.93,5.00,0.40,3.27,9.90,0.90,225.12,359.00,0.00,273.04,359.00,2.00,181.92,359.00,0.00,6.17,10.30,4.30,979.03,980.60,975.50,6.43,10.50,4.60,64.12,76.80,46.90,0.39,0.58,0.00,5152.75,7470.00,0.00,0.02,2.10,0.00,1.30,2.10,0.00,
2016-04-25 01:00:00+02,0.57,3.40,0.00,1.69,5.80,0.10,2.77,8.80,0.30,218.12,351.00,0.00,265.92,359.00,0.00,211.79,359.00,0.00,5.27,8.30,3.00,980.37,981.20,979.80,5.81,9.40,3.80,57.15,70.20,36.00,0.03,0.58,0.00,361.54,7470.00,0.00,0.00,0.30,0.00,0.16,2.10,0.00,
2016-04-26 01:00:00+02,0.66,4.50,0.00,1.76,6.80,0.10,2.80,10.10,0.30,179.00,354.00,5.00,220.88,334.00,3.00,240.58,359.00,0.00,7.76,13.60,-0.30,978.76,981.00,976.70,8.65,14.60,1.70,46.67,78.40,23.70,0.00,0.01,0.00,7.62,180.00,0.00,0.00,0.00,0.00,0.01,0.30,0.00,
2016-04-27 01:00:00+02,0.58,3.80,0.00,1.59,4.90,0.10,2.54,7.00,0.30,180.38,359.00,1.00,221.79,359.00,14.00,226.83,359.00,0.00,5.49,8.70,3.40,981.81,986.00,978.20,5.72,8.80,3.90,75.11,80.70,42.20,4.64,10.42,0.00,15973.67,39670.00,0.00,0.41,6.70,0.00,5.43,7.20,0.00,
2016-04-28 01:00:00+02,0.73,4.80,0.00,2.15,6.80,0.20,3.50,8.80,0.40,202.25,347.00,3.00,256.04,346.00,7.00,245.67,359.00,0.00,7.60,13.10,2.20,989.30,992.60,985.70,8.26,14.20,3.20,53.98,79.80,28.50,0.45,10.42,0.00,1750.71,39670.00,0.00,0.00,0.10,0.00,0.33,7.20,0.00,
2016-04-29 01:00:00+02,0.46,3.80,0.00,1.46,6.30,0.10,2.52,8.90,0.30,164.12,359.00,0.00,141.38,359.00,0.00,166.42,359.00,0.00,9.54,14.20,3.50,994.06,995.10,992.50,10.27,15.60,4.00,52.83,80.00,29.70,0.00,0.03,0.00,23.29,550.00,0.00,0.00,0.00,0.00,0.01,0.20,0.00,
2016-04-30 01:00:00+02,0.55,3.90,0.00,1.78,5.60,0.10,3.03,7.60,0.30,156.50,359.00,0.00,126.96,359.00,0.00,148.54,358.00,0.00,10.38,15.20,5.90,993.42,994.20,992.40,10.91,16.30,5.80,62.80,76.60,42.60,0.00,0.00,0.00,0.00,0.00,0.00,0.00,0.00,0.00,0.00,0.00,0.00,
2016-05-01 01:00:00+02,0.65,3.90,0.00,1.91,4.60,0.30,3.21,7.10,0.80,149.71,359.00,0.00,58.08,358.00,3.00,113.38,295.00,29.00,11.33,16.50,7.00,993.42,994.20,992.70,11.73,17.10,6.90,66.56,82.70,45.00,0.00,0.00,0.00,0.00,0.00,0.00,0.00,0.00,0.00,0.00,0.00,0.00,
2016-05-02 01:00:00+02,0.71,4.70,0.00,1.90,5.90,0.10,3.09,8.30,0.30,205.50,359.00,0.00,78.96,359.00,0.00,90.04,359.00,1.00,12.79,16.60,9.60,993.02,994.90,990.20,13.21,17.50,9.80,59.56,70.50,47.40,0.09,0.14,0.00,221.62,410.00,0.00,0.01,2.50,0.00,2.01,3.00,0.00,
2016-05-03 01:00:00+02,0.68,4.50,0.00,2.07,6.90,0.10,3.49,10.30,0.40,190.25,359.00,0.00,77.50,359.00,0.00,118.25,357.00,0.00,14.35,19.30,10.70,987.13,990.20,984.50,14.81,20.10,10.60,60.08,77.40,33.60,0.01,0.14,0.00,17.38,410.00,0.00,0.00,0.00,0.00,0.13,3.00,0.00,
2016-05-04 01:00:00+02,0.64,4.20,0.00,1.87,7.80,0.20,3.11,11.70,0.40,213.91,359.00,0.00,244.39,359.00,0.00,208.78,359.00,0.00,13.34,20.20,8.80,991.56,996.80,987.30,13.89,21.80,8.90,63.80,82.80,30.60,0.00,0.00,0.00,0.00,0.00,0.00,0.00,0.00,0.00,0.00,0.00,0.00,
2016-05-05 01:00:00+02,0.72,3.70,0.00,2.15,7.10,0.20,3.47,9.60,0.60,205.78,357.00,7.00,258.30,354.00,9.00,243.43,359.00,0.00,12.80,16.60,9.70,996.68,998.20,995.20,13.17,17.30,9.80,70.79,81.00,55.30,1.66,5.28,0.00,814.00,2670.00,0.00,0.23,35.30,0.00,16.13,38.20,0.00,
2016-05-06 01:00:00+02,0.50,3.80,0.00,1.38,5.50,0.20,2.29,8.70,0.40,207.04,359.00,0.00,187.91,359.00,0.00,160.43,359.00,0.00,14.42,20.70,7.10,993.63,995.60,991.40,15.03,22.50,7.00,55.01,85.80,22.90,0.24,5.28,0.00,127.78,2670.00,0.00,0.00,0.10,0.00,1.72,38.20,0.00,
2016-05-07 01:00:00+02,0.63,4.20,0.00,2.10,7.80,0.10,3.64,12.30,0.30,157.22,359.00,0.00,117.35,354.00,0.00,163.04,356.00,1.00,13.87,18.10,7.10,991.79,992.70,991.10,14.39,19.30,7.00,52.38,81.80,31.40,0.00,0.01,0.00,1.35,30.00,0.00,0.00,0.00,0.00,0.00,0.10,0.00,
2016-05-08 01:00:00+02,0.63,3.90,0.00,1.94,5.30,0.20,3.23,7.90,0.60,127.96,359.00,0.00,70.17,356.00,2.00,125.61,298.00,39.00,13.55,17.00,11.50,992.49,993.50,991.50,13.98,18.40,11.70,67.55,79.60,53.00,2.99,6.31,0.00,1274.83,2690.00,0.00,0.27,53.40,0.00,26.67,56.00,0.00,
2016-05-09 01:00:00+02,0.53,3.50,0.00,1.61,5.40,0.10,2.71,8.30,0.20,151.91,359.00,0.00,94.74,359.00,0.00,137.61,359.00,2.00,12.75,17.90,9.40,993.79,995.00,993.00,13.16,19.30,9.60,69.72,85.10,47.80,0.46,6.31,0.00,1484.22,2690.00,0.00,0.01,1.40,0.00,3.22,56.00,0.00,
2016-05-10 01:00:00+02,0.58,4.40,0.00,1.95,5.70,0.10,3.36,9.50,0.30,130.74,359.00,0.00,108.70,357.00,1.00,150.70,359.00,4.00,15.08,22.00,8.60,990.97,993.80,987.90,15.65,23.00,8.60,58.03,85.30,28.10,0.02,0.35,0.00,122.96,2660.00,0.00,0.00,0.00,0.00,0.06,1.40,0.00,
2016-05-11 01:00:00+02,0.50,3.30,0.00,1.54,6.30,0.10,2.60,8.70,0.30,158.22,359.00,0.00,154.30,359.00,0.00,171.83,359.00,0.00,16.58,22.90,9.30,985.50,988.10,982.00,17.35,24.30,9.40,52.22,79.20,31.80,0.00,0.00,0.00,0.43,10.00,0.00,0.00,0.00,0.00,0.00,0.00,0.00,
2016-05-12 01:00:00+02,0.67,4.80,0.00,2.27,7.00,0.10,3.97,10.90,0.20,139.09,359.00,0.00,92.04,359.00,0.00,137.65,358.00,0.00,17.74,22.80,10.80,977.32,982.00,972.00,18.32,23.70,10.70,50.11,76.70,30.90,0.00,0.00,0.00,0.00,0.00,0.00,0.00,0.00,0.00,0.00,0.00,0.00,
2016-05-13 01:00:00+02,0.75,4.20,0.00,2.44,6.50,0.30,4.12,10.10,0.80,142.96,359.00,0.00,129.26,357.00,22.00,162.26,359.00,0.00,14.88,18.30,12.70,969.15,972.00,968.20,15.17,19.30,12.80,68.53,84.70,53.30,1.32,12.52,0.00,2999.78,19090.00,0.00,0.47,24.70,0.00,4.41,26.30,0.00,
2016-05-14 01:00:00+02,0.68,3.40,0.00,2.16,6.40,0.40,3.61,9.50,1.10,221.00,313.00,76.00,277.57,341.00,219.00,242.52,359.00,0.00,13.86,16.70,10.90,972.10,979.60,968.80,14.02,17.30,11.10,76.07,85.20,56.70,3.21,12.76,0.00,14239.09,20940.00,20.00,0.14,9.70,0.00,9.55,26.30,0.00,
2016-05-15 01:00:00+02,0.88,5.90,0.00,2.72,8.30,0.20,4.50,10.90,0.40,209.09,322.00,42.00,265.17,359.00,207.00,261.04,359.00,0.00,10.07,13.00,6.30,984.69,988.20,979.60,10.47,13.70,6.10,49.68,66.30,31.80,0.16,3.42,0.00,822.78,17470.00,0.00,0.00,1.00,0.00,0.81,10.10,0.00,
2016-05-16 01:00:00+02,0.73,4.80,0.00,2.38,7.50,0.20,3.97,11.30,0.60,208.00,322.00,49.00,265.39,358.00,166.00,249.26,359.00,0.00,8.81,13.20,5.10,988.60,989.50,987.70,9.25,14.00,5.30,54.49,73.60,35.00,0.00,0.03,0.00,6.17,140.00,0.00,0.00,0.00,0.00,0.04,1.00,0.00,
2016-05-17 01:00:00+02,0.72,4.90,0.00,2.14,8.00,0.20,3.52,15.70,0.40,198.87,307.00,34.00,253.70,348.00,142.00,239.00,359.00,0.00,7.63,12.00,4.70,988.33,989.10,987.50,8.00,12.80,4.90,65.72,80.70,39.40,0.87,2.45,0.00,1071.74,4580.00,0.00,0.10,43.10,0.00,18.02,45.90,0.00,
2016-05-18 01:00:00+02,0.40,2.60,0.00,1.13,3.60,0.10,1.84,5.70,0.30,208.65,359.00,2.00,244.09,359.00,0.00,208.61,359.00,0.00,8.83,12.40,6.80,987.35,988.30,986.40,9.07,13.20,6.80,74.73,83.10,57.50,1.81,2.84,0.00,5778.96,8030.00,20.00,0.12,21.60,0.00,14.51,45.90,0.00,
2016-05-19 01:00:00+02,0.48,3.40,0.00,1.47,5.10,0.10,2.48,7.70,0.30,165.43,359.00,0.00,114.48,359.00,0.00,127.39,359.00,0.00,12.74,18.60,6.60,986.48,988.60,985.50,13.37,20.10,6.50,57.13,83.40,33.10,0.13,2.84,0.00,354.96,8030.00,0.00,0.00,0.00,0.00,0.95,21.60,0.00,
2016-05-20 01:00:00+02,0.48,4.10,0.00,1.35,6.10,0.10,2.20,12.60,0.30,231.35,359.00,3.00,255.61,359.00,0.00,182.52,359.00,0.00,14.60,21.00,6.30,989.86,991.30,988.60,15.23,22.20,6.20,51.25,80.80,25.10,0.00,0.00,0.00,0.00,0.00,0.00,0.00,0.00,0.00,0.00,0.00,0.00,
2016-05-21 01:00:00+02,0.50,4.00,0.00,1.45,6.00,0.10,2.39,7.80,0.30,215.57,359.00,0.00,248.35,359.00,0.00,195.35,359.00,0.00,16.97,23.70,8.60,992.00,992.90,991.10,17.62,25.10,8.50,50.98,77.50,27.10,0.00,0.00,0.00,0.00,0.00,0.00,0.00,0.00,0.00,0.00,0.00,0.00,
2016-05-22 01:00:00+02,0.39,2.70,0.00,1.20,4.20,0.10,2.05,7.00,0.30,175.91,359.00,0.00,172.83,358.00,0.00,169.65,359.00,0.00,19.54,26.20,10.40,990.08,992.40,987.20,20.53,28.00,10.40,48.63,78.10,27.50,0.00,0.00,0.00,0.00,0.00,0.00,0.00,0.00,0.00,0.00,0.00,0.00,
2016-05-23 01:00:00+02,0.47,3.70,0.00,1.65,6.00,0.10,2.92,9.80,0.30,156.17,359.00,0.00,141.35,359.00,0.00,150.35,359.00,0.00,21.29,28.10,12.20,983.89,987.30,980.80,22.20,29.60,12.20,46.33,77.70,24.50,0.00,0.00,0.00,0.00,0.00,0.00,0.00,0.00,0.00,0.00,0.00,0.00,
2016-05-24 01:00:00+02,0.79,4.20,0.00,2.64,7.80,0.20,4.56,12.50,0.50,156.30,359.00,0.00,74.17,359.00,0.00,112.13,357.00,1.00,20.80,26.20,15.00,979.42,981.10,977.70,21.40,27.20,15.20,45.45,67.70,26.40,0.00,0.00,0.00,0.00,0.00,0.00,0.00,0.00,0.00,0.00,0.00,0.00,
2016-05-25 01:00:00+02,0.68,3.80,0.00,1.89,7.40,0.20,3.08,12.60,0.40,216.04,357.00,0.00,237.13,359.00,0.00,190.57,359.00,0.00,17.30,24.20,11.90,982.71,986.00,980.40,17.80,25.60,11.90,54.12,76.60,26.30,0.63,2.18,0.00,268.17,940.00,0.00,0.09,36.30,0.00,11.66,40.30,0.00,
2016-05-26 01:00:00+02,0.70,3.30,0.00,2.12,5.20,0.10,3.42,7.60,0.30,217.13,343.00,44.00,269.65,356.00,47.00,250.00,359.00,0.00,16.15,20.30,12.50,989.06,991.40,985.90,16.61,21.40,12.40,68.04,80.50,51.70,0.10,2.18,0.00,41.57,940.00,0.00,0.00,0.00,0.00,1.78,40.30,0.00,
2016-05-27 01:00:00+02,0.39,2.60,0.00,1.20,3.90,0.10,2.04,6.00,0.30,169.78,359.00,0.00,168.70,359.00,0.00,174.09,359.00,0.00,18.82,25.70,10.10,990.69,991.90,989.30,19.65,27.90,10.00,55.50,83.20,30.70,0.00,0.00,0.00,0.00,0.00,0.00,0.00,0.00,0.00,0.00,0.00,0.00,
2016-05-28 01:00:00+02,0.41,3.50,0.00,1.22,4.30,0.10,2.07,6.10,0.20,163.70,359.00,0.00,187.43,359.00,0.00,210.48,359.00,0.00,21.54,27.50,15.30,988.47,990.00,986.80,22.39,29.60,15.30,50.69,73.70,32.40,0.00,0.00,0.00,0.00,0.00,0.00,0.00,0.00,0.00,0.00,0.00,0.00,
2016-05-29 01:00:00+02,0.49,4.20,0.00,1.51,7.60,0.10,2.55,13.90,0.30,167.26,359.00,0.00,164.52,358.00,0.00,177.43,358.00,0.00,20.20,28.40,15.80,984.23,987.10,982.40,20.72,29.90,15.70,63.94,83.00,34.20,1.01,3.48,0.00,1490.87,5300.00,0.00,0.15,25.00,0.00,7.65,25.50,0.00,
2016-05-30 01:00:00+02,0.53,3.10,0.00,1.66,6.50,0.10,2.82,10.90,0.30,154.70,359.00,0.00,136.70,358.00,0.00,175.13,359.00,0.00,21.42,26.60,15.30,981.70,982.60,980.50,22.00,27.80,15.10,56.63,83.00,34.30,0.15,3.48,0.00,251.04,5300.00,0.00,0.00,0.00,0.00,1.18,25.50,0.00,
2016-05-31 01:00:00+02,0.43,4.10,0.00,1.18,6.50,0.10,1.91,9.60,0.30,199.83,359.00,0.00,212.57,359.00,0.00,186.65,359.00,1.00,19.24,26.10,15.70,982.79,985.10,981.90,19.84,28.50,15.70,67.47,81.40,44.00,1.58,4.08,0.00,1289.09,3490.00,0.00,0.17,42.10,0.00,19.26,49.10,0.00,
2016-06-01 01:00:00+02,0.52,4.70,0.00,1.62,8.90,0.10,2.73,12.10,0.40,185.57,359.00,0.00,203.17,359.00,0.00,192.09,359.00,0.00,19.31,26.90,14.30,985.52,987.00,983.90,20.10,28.40,14.30,58.64,81.60,29.10,0.18,4.08,0.00,190.30,3490.00,0.00,0.00,0.30,0.00,2.21,49.10,0.00,
2016-06-02 01:00:00+02,0.38,2.30,0.00,1.05,3.40,0.10,1.71,4.70,0.20,202.57,359.00,0.00,188.74,359.00,0.00,159.17,359.00,0.00,14.95,17.20,12.40,985.42,986.60,984.30,15.14,17.70,12.50,78.00,84.80,66.20,2.15,4.93,0.00,7293.26,18480.00,0.00,0.20,7.80,0.00,4.11,8.50,0.00,
2016-06-03 01:00:00+02,0.52,2.80,0.00,1.71,4.60,0.10,2.87,7.20,0.30,122.61,359.00,0.00,97.70,359.00,1.00,149.48,358.00,3.00,16.92,20.90,14.00,984.86,985.70,984.10,17.26,21.90,13.90,71.94,85.10,52.90,0.22,4.93,0.00,817.22,18500.00,0.00,0.00,0.00,0.00,0.38,8.50,0.00,
2016-06-04 01:00:00+02,0.48,3.40,0.00,1.36,5.30,0.10,2.23,7.70,0.30,199.13,359.00,0.00,157.61,359.00,0.00,149.17,359.00,0.00,18.68,23.90,12.00,985.76,986.80,985.00,19.38,25.80,11.80,54.87,83.40,33.60,0.00,0.00,0.00,0.00,0.00,0.00,0.00,0.00,0.00,0.00,0.00,0.00,
2016-06-05 01:00:00+02,0.48,3.70,0.00,1.32,8.70,0.10,2.14,13.10,0.40,224.17,359.00,0.00,204.04,359.00,0.00,167.30,359.00,0.00,19.12,25.30,11.70,987.90,990.80,986.70,19.87,27.60,11.70,56.79,81.70,34.80,1.96,4.74,0.00,542.48,1360.00,0.00,0.21,46.30,0.00,23.89,57.30,0.00,
2016-06-06 01:00:00+02,0.76,4.20,0.00,2.05,6.50,0.20,3.37,9.10,0.50,268.70,359.00,0.00,128.91,359.00,0.00,75.74,359.00,0.00,16.43,20.50,11.30,993.66,996.10,990.80,17.14,21.90,11.20,41.17,56.50,26.80,0.21,4.74,0.00,60.13,1360.00,0.00,0.00,0.00,0.00,2.53,57.30,0.00,
2016-06-07 01:00:00+02,0.42,3.90,0.00,1.31,4.60,0.10,2.25,7.00,0.30,201.83,359.00,0.00,146.74,359.00,0.00,138.35,358.00,0.00,15.40,20.70,8.60,996.74,998.30,995.20,16.27,22.00,8.60,41.97,67.90,25.40,0.00,0.00,0.00,0.00,0.00,0.00,0.00,0.00,0.00,0.00,0.00,0.00,
2016-06-08 01:00:00+02,0.35,2.90,0.00,1.10,4.20,0.10,1.88,6.30,0.30,185.74,356.00,6.00,248.17,358.00,1.00,203.30,359.00,0.00,17.49,24.90,8.00,991.32,995.50,986.90,18.38,26.10,8.00,43.68,76.20,19.80,0.00,0.00,0.00,0.00,0.00,0.00,0.00,0.00,0.00,0.00,0.00,0.00,
2016-06-09 01:00:00+02,0.70,4.10,0.00,1.96,6.30,0.10,3.21,9.50,0.30,220.26,359.00,5.00,266.00,359.00,0.00,206.13,359.00,0.00,17.14,21.90,11.50,986.42,987.10,985.60,17.65,23.10,11.50,55.50,72.90,40.80,0.05,0.10,0.00,66.78,140.00,0.00,0.00,4.10,0.00,2.05,4.30,0.00,
2016-06-10 01:00:00+02,0.74,5.30,0.00,2.16,9.10,0.10,3.47,13.10,0.20,199.48,352.00,25.00,248.17,357.00,4.00,242.61,359.00,0.00,16.73,22.60,10.50,983.61,986.50,980.70,17.31,23.40,10.40,57.38,80.00,32.90,0.35,1.45,0.00,289.22,1190.00,0.00,0.06,17.10,0.00,4.61,18.10,0.00,
2016-06-11 01:00:00+02,0.49,3.60,0.00,1.28,4.70,0.10,2.07,7.10,0.20,234.48,359.00,0.00,228.43,359.00,0.00,157.57,359.00,0.00,15.76,19.10,11.70,984.62,985.80,982.90,16.32,19.90,11.90,52.62,74.30,33.40,0.06,1.45,0.00,52.61,1190.00,0.00,0.00,0.00,0.00,0.80,18.10,0.00,
2016-06-12 01:00:00+02,0.52,3.10,0.00,1.60,5.40,0.10,2.67,6.70,0.50,154.04,359.00,0.00,92.30,359.00,0.00,120.43,352.00,0.00,17.58,22.20,12.60,984.18,986.00,981.30,18.32,24.00,12.70,47.30,66.90,31.70,0.00,0.00,0.00,0.00,0.00,0.00,0.00,0.00,0.00,0.00,0.00,0.00,
2016-06-13 01:00:00+02,0.72,3.60,0.00,2.44,6.90,0.20,4.22,9.90,0.70,117.04,359.00,0.00,79.91,163.00,5.00,139.48,288.00,44.00,18.15,22.40,12.70,977.75,981.30,974.70,18.81,23.80,12.80,51.55,67.80,36.20,0.00,0.00,0.00,0.00,0.00,0.00,0.00,0.00,0.00,0.00,0.00,0.00,
2016-06-14 01:00:00+02,0.51,3.50,0.00,1.57,5.50,0.20,2.67,7.30,0.50,151.17,359.00,0.00,105.30,359.00,0.00,136.91,356.00,0.00,18.18,22.30,13.60,973.94,974.80,973.00,18.94,24.20,13.70,58.71,74.20,43.50,0.09,0.24,0.00,363.30,990.00,0.00,0.01,3.00,0.00,1.21,3.20,0.00,
2016-06-15 01:00:00+02,0.49,3.50,0.00,1.38,5.00,0.10,2.26,7.40,0.30,191.83,358.00,0.00,239.78,359.00,0.00,214.91,359.00,0.00,18.17,25.80,12.40,974.88,979.00,973.30,18.89,27.70,12.40,65.03,84.70,29.30,0.58,3.27,0.00,1344.87,7340.00,0.00,0.14,5.20,0.00,1.48,5.30,0.00,
2016-06-16 01:00:00+02,0.59,3.40,0.00,1.63,5.10,0.20,2.68,7.30,0.60,161.48,358.00,0.00,202.74,357.00,8.00,226.09,359.00,0.00,20.94,26.70,13.30,980.46,981.90,978.50,21.56,27.60,13.30,54.83,83.80,33.30,0.22,3.27,0.00,391.57,7340.00,0.00,0.02,4.80,0.00,1.30,24.60,0.00,
2016-06-17 01:00:00+02,1.08,6.60,0.00,3.56,9.90,0.10,6.15,18.10,0.40,157.13,358.00,0.00,198.91,357.00,1.00,223.87,359.00,0.00,22.79,30.60,15.60,978.64,987.40,973.40,23.19,31.30,15.50,49.58,76.00,30.60,0.74,1.77,0.00,645.91,1730.00,0.00,0.06,22.70,0.00,11.49,24.60,0.00,
2016-06-18 01:00:00+02,0.71,4.70,0.00,2.07,7.40,0.10,3.35,10.30,0.40,213.61,358.00,3.00,259.00,359.00,0.00,229.39,359.00,0.00,19.95,25.40,13.10,990.00,991.00,987.50,20.52,26.10,13.40,44.44,70.40,23.20,0.06,1.47,0.00,57.04,1290.00,0.00,0.00,0.00,0.00,1.01,22.80,0.00,
2016-06-19 01:00:00+02,0.66,3.80,0.00,2.05,6.70,0.10,3.47,9.70,0.40,169.52,359.00,0.00,149.26,359.00,0.00,159.61,359.00,0.00,20.80,26.90,12.50,991.40,993.00,989.40,21.49,28.20,12.70,50.83,78.00,28.30,0.59,10.24,0.00,258.87,5150.00,0.00,0.23,53.80,0.00,4.99,61.10,0.00,
2016-06-20 01:00:00+02,0.53,3.00,0.00,1.61,4.90,0.10,2.69,6.90,0.40,217.09,356.00,23.00,272.52,359.00,1.00,214.78,359.00,0.00,18.23,21.40,16.40,991.46,994.50,989.50,18.57,23.00,16.50,72.77,82.00,58.40,1.58,11.44,0.03,5495.43,7350.00,50.00,0.11,9.00,0.00,6.16,61.10,2.10,
2016-06-21 01:00:00+02,0.61,4.20,0.00,1.98,6.50,0.10,3.34,9.20,0.30,193.52,359.00,0.00,229.35,357.00,6.00,216.04,359.00,0.00,21.56,26.50,16.60,995.00,998.00,993.50,22.18,27.50,16.70,56.46,80.10,37.20,0.07,1.52,0.00,324.91,7350.00,0.00,0.00,0.00,0.00,0.17,3.90,0.00,
2016-06-22 01:00:00+02,0.38,2.60,0.00,1.14,4.10,0.10,1.93,7.40,0.30,186.00,359.00,0.00,157.13,359.00,0.00,158.57,359.00,0.00,22.71,28.50,15.90,998.52,999.70,997.50,23.55,30.10,16.00,53.76,76.90,35.50,0.00,0.01,0.00,4.96,20.00,0.00,0.00,0.70,0.00,0.17,0.70,0.00,
2016-06-23 01:00:00+02,0.51,3.00,0.00,1.44,4.50,0.10,2.39,7.10,0.30,178.08,359.00,0.00,124.00,359.00,0.00,127.25,359.00,0.00,24.96,30.60,18.20,997.67,999.10,996.00,25.77,32.50,18.20,54.40,76.60,35.30,0.00,0.02,0.00,2.71,20.00,0.00,0.00,1.00,0.00,0.22,1.00,0.00,
2016-06-24 01:00:00+02,0.47,3.60,0.00,1.51,6.40,0.10,2.57,9.30,0.30,146.65,359.00,0.00,122.35,359.00,0.00,151.91,358.00,0.00,27.61,33.90,21.10,993.09,996.00,990.70,28.57,35.50,21.10,51.23,78.20,31.60,0.05,0.06,0.00,16.65,20.00,0.00,0.00,3.20,0.00,2.64,3.20,0.00,
2016-06-25 01:00:00+02,0.50,3.50,0.00,1.58,6.90,0.10,2.68,12.80,0.20,162.65,358.00,0.00,194.83,359.00,0.00,196.65,359.00,0.00,27.38,34.90,20.70,988.20,990.70,985.10,28.11,36.00,20.80,48.63,73.40,26.20,0.05,0.06,0.00,484.17,650.00,0.00,0.00,0.70,0.00,0.74,3.20,0.00,
2016-06-26 01:00:00+02,0.70,4.90,0.00,2.21,12.40,0.10,3.74,18.40,0.40,209.35,358.00,2.00,263.87,359.00,2.00,227.83,359.00,0.00,22.21,30.00,17.50,987.99,991.30,985.90,22.84,31.90,17.70,66.32,84.30,42.30,5.58,11.63,0.00,1407.96,2870.00,0.00,0.50,73.10,0.00,35.47,73.10,0.00,
2016-06-27 01:00:00+02,0.53,2.90,0.00,1.54,5.00,0.20,2.53,6.90,0.50,227.83,359.00,0.00,225.83,359.00,0.00,147.35,359.00,0.00,18.28,21.10,16.00,990.24,991.00,989.50,18.66,22.20,16.10,67.11,81.40,47.40,0.94,11.63,0.00,919.35,3850.00,0.00,0.06,5.70,0.00,7.21,73.10,0.00,
2016-06-28 01:00:00+02,0.50,3.50,0.00,1.38,6.00,0.20,2.19,8.00,0.40,212.42,352.00,4.00,260.75,359.00,1.00,227.54,359.00,0.00,18.19,23.70,15.10,990.42,991.10,989.70,18.54,24.60,15.00,66.89,82.20,42.10,0.08,1.46,0.00,526.54,3870.00,0.00,0.00,0.20,0.00,0.47,6.00,0.00,
2016-06-29 01:00:00+02,0.40,2.70,0.00,1.15,4.00,0.10,1.90,5.70,0.40,166.30,359.00,0.00,212.52,358.00,0.00,214.30,359.00,0.00,21.84,29.20,12.90,988.95,990.40,987.30,22.77,31.30,12.80,49.97,83.50,25.30,0.00,0.03,0.00,22.09,500.00,0.00,0.00,0.00,0.00,0.01,0.30,0.00,
2016-06-30 01:00:00+02,0.46,4.50,0.00,1.37,7.10,0.10,2.32,10.40,0.30,180.30,359.00,0.00,218.39,359.00,0.00,206.48,359.00,0.00,24.37,32.10,16.20,988.56,990.60,986.90,25.32,34.10,16.20,49.41,76.20,27.90,0.00,0.00,0.00,0.00,0.00,0.00,0.00,0.00,0.00,0.00,0.00,0.00,
2016-07-01 01:00:00+02,0.44,3.00,0.00,1.33,6.20,0.10,2.23,10.80,0.30,175.65,359.00,0.00,216.13,359.00,0.00,202.83,359.00,0.00,22.62,28.90,18.30,990.68,991.40,989.40,23.32,31.00,18.40,60.07,78.70,36.80,0.00,0.00,0.00,0.00,0.00,0.00,0.00,0.00,0.00,0.00,0.00,0.00,
2016-07-02 01:00:00+02,0.49,3.40,0.00,1.48,6.70,0.10,2.49,9.50,0.30,177.00,359.00,0.00,195.43,359.00,0.00,186.17,359.00,0.00,25.35,33.70,17.20,988.00,990.60,985.10,26.26,35.40,17.10,50.76,80.00,22.60,0.01,0.29,0.00,64.83,1290.00,0.00,0.00,2.00,0.00,0.16,2.90,0.00,
2016-07-03 01:00:00+02,0.60,4.10,0.00,1.79,5.70,0.10,2.95,7.80,0.40,230.57,355.00,30.00,271.57,359.00,0.00,203.65,359.00,0.00,17.42,20.90,15.00,991.37,993.50,988.20,17.75,22.20,15.20,68.86,84.80,42.20,21.31,28.43,0.00,14280.13,20610.00,0.00,1.22,31.30,0.00,29.95,32.00,0.00,
2016-07-04 01:00:00+02,0.64,4.20,0.00,1.90,6.50,0.10,3.10,8.90,0.30,212.48,327.00,46.00,268.09,356.00,189.00,237.35,359.00,0.00,18.03,22.60,13.00,994.18,995.30,993.40,18.61,23.70,13.10,51.24,78.20,31.10,1.28,28.43,0.00,919.17,20610.00,0.00,0.00,1.40,0.00,2.55,32.00,0.00,
2016-07-05 01:00:00+02,0.53,5.80,0.00,1.55,7.70,0.10,2.55,9.50,0.40,196.17,358.00,0.00,235.96,359.00,0.00,224.22,359.00,0.00,20.12,26.30,12.10,990.00,994.20,984.30,20.89,27.40,12.10,47.13,78.10,26.30,0.08,4.92,0.00,90.87,3150.00,0.00,0.21,51.40,0.00,1.20,53.90,0.00,
2016-07-06 01:00:00+02,0.98,4.80,0.00,3.08,10.70,0.10,5.22,17.40,0.30,202.87,357.00,9.00,257.13,348.00,1.00,253.35,359.00,0.00,17.68,20.70,14.50,986.43,989.50,984.30,18.00,21.50,14.70,58.37,82.70,33.50,1.55,6.06,0.00,1714.00,3940.00,0.00,0.13,30.40,0.00,26.65,53.90,0.00,
2016-07-07 01:00:00+02,0.83,4.20,0.00,2.85,8.50,0.20,4.88,13.00,0.40,212.96,342.00,83.00,273.09,357.00,0.00,233.70,359.00,0.00,16.69,21.30,12.30,992.06,994.30,989.40,17.17,22.00,12.40,46.75,63.10,32.20,0.08,1.91,0.00,106.09,2400.00,0.00,0.00,0.00,0.00,1.36,30.80,0.00,
2016-07-08 01:00:00+02,0.51,4.40,0.00,1.36,5.80,0.10,2.18,7.50,0.30,186.39,336.00,6.00,237.74,358.00,2.00,223.22,359.00,0.00,18.97,25.10,11.70,992.26,994.30,987.80,19.62,25.90,11.90,49.87,75.90,32.00,0.00,0.00,0.00,0.00,0.00,0.00,0.00,0.00,0.00,0.00,0.00,0.00,
2016-07-09 01:00:00+02,0.89,4.70,0.00,2.85,8.60,0.20,4.84,16.10,0.40,229.22,328.00,106.00,285.26,358.00,206.00,229.61,359.00,0.00,19.06,23.50,15.60,988.87,991.70,986.60,19.43,24.30,15.60,54.93,78.40,31.90,0.31,0.37,0.00,1150.26,1360.00,0.00,0.01,2.60,0.00,2.33,2.70,0.00,
2016-07-10 01:00:00+02,0.59,4.10,0.00,1.71,5.50,0.10,2.77,7.70,0.30,196.09,359.00,1.00,246.30,359.00,0.00,229.09,359.00,0.00,20.49,26.40,13.50,991.03,992.70,988.60,21.07,27.20,13.60,50.78,74.20,34.10,0.02,0.37,0.00,60.13,1360.00,0.00,0.00,0.00,0.00,0.12,2.70,0.00,
2016-07-11 01:00:00+02,0.74,5.90,0.00,2.16,8.50,0.10,3.53,13.90,0.30,206.96,357.00,0.00,249.91,359.00,0.00,193.91,359.00,0.00,25.82,32.50,15.60,986.18,988.60,984.30,26.42,33.20,15.60,47.82,74.10,32.30,0.00,0.00,0.00,0.00,0.00,0.00,0.00,0.00,0.00,0.00,0.00,0.00,
2016-07-12 01:00:00+02,0.51,3.80,0.00,1.52,6.50,0.10,2.56,10.40,0.30,182.22,359.00,0.00,206.57,358.00,3.00,195.48,359.00,0.00,23.73,28.10,19.30,985.74,988.20,983.00,24.25,28.80,19.30,61.09,83.40,44.70,1.27,6.44,0.00,2106.26,6390.00,0.00,0.18,14.10,0.00,7.04,21.60,0.00,
2016-07-13 01:00:00+02,0.67,4.40,0.00,1.97,6.60,0.20,3.20,8.70,0.50,190.78,359.00,0.00,186.04,359.00,0.00,190.61,359.00,0.00,21.10,24.80,18.60,984.41,986.30,982.10,21.58,26.60,18.90,68.92,85.40,48.00,2.93,6.44,0.00,3397.43,6390.00,0.00,0.14,8.80,0.00,9.58,21.60,0.00,
2016-07-14 01:00:00+02,1.08,5.60,0.00,3.53,12.10,0.30,6.01,17.60,0.50,156.17,359.00,0.00,183.78,354.00,10.00,213.09,359.00,0.00,18.33,22.60,12.50,980.09,988.20,976.40,18.65,23.30,12.80,71.09,84.10,46.50,8.58,9.29,0.02,6032.35,7220.00,50.00,0.43,24.10,0.00,23.23,24.30,2.00,
2016-07-15 01:00:00+02,0.93,5.30,0.00,2.92,7.00,0.40,4.83,10.40,1.00,212.13,327.00,68.00,267.70,358.00,1.00,244.17,359.00,0.00,15.87,19.70,12.00,992.08,995.70,988.00,16.28,20.60,12.10,60.36,69.30,49.30,0.41,9.29,0.00,323.70,7220.00,0.00,0.00,0.00,0.00,1.07,24.30,0.00,
2016-07-16 01:00:00+02,0.79,4.10,0.00,2.07,5.40,0.20,3.36,8.40,0.60,271.57,359.00,0.00,155.65,359.00,0.00,90.35,359.00,0.00,15.15,16.10,14.00,994.41,995.70,992.50,15.35,16.50,14.30,72.73,80.90,64.70,1.39,3.33,0.00,5461.65,12960.00,0.00,0.14,7.60,0.00,3.39,8.20,0.00,
2016-07-17 01:00:00+02,0.52,2.50,0.00,1.39,4.40,0.10,2.25,6.80,0.20,240.09,359.00,0.00,241.83,359.00,0.00,174.70,359.00,0.00,15.68,16.90,14.50,990.19,993.10,989.10,15.76,17.00,14.60,78.63,83.40,71.40,2.34,4.59,0.00,7291.30,13800.00,0.00,0.19,5.10,0.00,3.61,8.20,0.00,
2016-07-18 01:00:00+02,0.67,3.40,0.00,2.02,5.50,0.20,3.28,7.90,0.40,211.83,357.00,59.00,260.13,359.00,0.00,261.43,359.00,0.00,16.57,18.70,14.60,991.30,993.50,989.50,16.82,19.20,14.50,72.89,84.70,56.10,0.22,4.59,0.00,762.09,13800.00,0.00,0.00,0.40,0.00,0.53,5.70,0.00,
2016-07-19 01:00:00+02,0.67,3.50,0.00,1.93,5.60,0.30,3.11,8.60,0.80,225.39,354.00,6.00,265.57,358.00,1.00,236.65,359.00,0.00,16.84,19.70,14.90,993.11,993.60,992.40,17.10,20.40,15.00,72.21,78.10,61.50,0.18,0.51,0.00,132.09,350.00,0.00,0.02,13.50,0.00,5.67,16.40,0.00,
2016-07-20 01:00:00+02,0.46,3.00,0.00,1.27,4.60,0.10,2.08,6.60,0.20,243.30,359.00,0.00,241.43,359.00,0.00,162.83,359.00,0.00,18.69,23.90,13.70,991.96,993.30,990.50,19.33,26.20,13.60,59.93,84.50,34.70,0.02,0.51,0.00,20.96,350.00,0.00,0.00,0.00,0.00,0.72,16.40,0.00,
2016-07-21 01:00:00+02,0.48,3.80,0.00,1.39,5.40,0.10,2.24,7.70,0.30,213.26,356.00,2.00,265.04,359.00,2.00,223.35,359.00,0.00,19.85,26.50,11.30,989.54,991.00,988.00,20.54,27.60,11.30,53.77,81.70,30.70,0.00,0.00,0.00,0.43,10.00,0.00,0.00,0.00,0.00,0.00,0.00,0.00,
2016-07-22 01:00:00+02,0.47,3.00,0.00,1.34,5.10,0.10,2.21,7.40,0.30,234.39,359.00,0.00,238.91,359.00,0.00,160.61,359.00,0.00,21.89,27.90,14.70,989.52,990.90,988.50,22.71,29.10,14.70,48.60,78.40,28.80,0.00,0.00,0.00,0.00,0.00,0.00,0.00,0.00,0.00,0.00,0.00,0.00,
2016-07-23 01:00:00+02,0.44,3.10,0.00,1.30,4.30,0.10,2.20,6.00,0.30,181.09,359.00,0.00,149.91,359.00,0.00,127.26,359.00,0.00,21.83,28.60,13.60,991.31,992.10,990.40,22.72,30.80,13.50,49.64,73.20,30.60,0.00,0.00,0.00,0.00,0.00,0.00,0.00,0.00,0.00,0.00,0.00,0.00,
2016-07-24 01:00:00+02,0.42,3.00,0.00,1.37,4.60,0.10,2.35,6.70,0.30,153.78,359.00,0.00,132.09,359.00,0.00,152.52,359.00,0.00,23.72,29.60,17.00,991.56,992.50,990.60,24.44,31.40,16.80,51.64,76.70,31.00,0.00,0.00,0.00,0.00,0.00,0.00,0.00,0.00,0.00,0.00,0.00,0.00,
2016-07-25 01:00:00+02,0.38,2.20,0.00,1.16,5.00,0.10,1.93,7.40,0.20,196.30,357.00,1.00,229.57,359.00,0.00,191.35,359.00,0.00,22.24,29.00,18.10,990.16,991.00,989.10,22.77,30.20,18.30,64.40,82.60,37.50,0.37,0.68,0.00,1868.22,3600.00,0.00,0.03,2.30,0.00,1.67,2.30,0.00,
2016-07-26 01:00:00+02,0.46,2.80,0.00,1.28,7.40,0.10,2.09,11.30,0.30,195.61,359.00,0.00,228.39,358.00,0.00,204.96,359.00,0.00,22.19,30.00,18.50,990.23,991.40,989.10,22.75,32.40,18.50,71.73,84.40,39.80,1.72,4.69,0.00,1932.74,5240.00,0.00,0.20,28.90,0.00,11.67,30.90,0.00,
2016-07-27 01:00:00+02,0.38,3.00,0.00,1.04,5.50,0.10,1.70,7.70,0.20,192.13,358.00,1.00,229.22,359.00,1.00,202.13,359.00,0.00,22.89,30.20,18.00,989.44,991.20,987.50,23.61,33.00,17.90,66.57,84.80,37.90,0.36,4.69,0.00,522.17,5240.00,0.00,0.02,5.80,0.00,3.42,30.90,0.00,
2016-07-28 01:00:00+02,0.61,3.30,0.00,1.69,4.90,0.10,2.68,7.30,0.40,198.70,308.00,28.00,250.87,348.00,125.00,236.26,359.00,0.00,21.05,23.50,18.80,988.70,989.60,987.90,21.31,24.30,18.70,75.69,84.90,62.80,0.22,1.42,0.00,1757.26,11060.00,0.00,0.04,1.80,0.00,0.99,6.30,0.00,
2016-07-29 01:00:00+02,0.43,3.00,0.00,1.19,5.60,0.10,1.96,11.40,0.20,200.30,358.00,2.00,249.30,359.00,0.00,207.52,359.00,0.00,21.20,28.10,18.30,987.50,988.50,986.20,21.76,29.70,18.30,71.03,86.20,40.00,3.56,4.70,0.00,5309.57,12540.00,0.00,0.20,32.70,0.00,28.23,32.70,0.00,
2016-07-30 01:00:00+02,0.59,4.10,0.00,1.69,6.60,0.10,2.71,8.80,0.30,188.43,358.00,2.00,239.48,355.00,6.00,228.35,359.00,0.00,22.82,28.50,16.30,987.80,989.00,986.70,23.42,29.20,16.20,58.50,85.60,35.00,0.22,4.70,0.00,332.78,7360.00,0.00,0.00,0.90,0.00,2.12,32.70,0.00,
2016-07-31 01:00:00+02,0.46,3.80,0.00,1.37,7.50,0.10,2.29,12.70,0.30,188.35,359.00,0.00,223.17,359.00,0.00,196.96,359.00,0.00,21.78,31.80,17.90,986.16,987.60,984.30,22.32,33.50,17.90,68.38,85.10,32.50,7.87,26.63,0.00,2524.61,11200.00,0.00,1.16,80.90,0.00,34.16,85.60,0.00,
2016-08-01 01:00:00+02,0.66,3.00,0.00,1.90,6.40,0.10,3.08,8.50,0.30,215.96,336.00,11.00,269.52,358.00,38.00,231.57,359.00,0.00,19.29,22.80,15.40,988.26,992.20,984.30,19.60,23.70,15.40,70.75,86.30,48.80,12.55,30.32,0.18,11202.26,13970.00,50.00,0.69,81.50,0.00,87.56,88.00,10.40,
2016-08-02 01:00:00+02,0.47,3.20,0.00,1.27,4.70,0.10,2.04,6.60,0.30,197.13,355.00,0.00,245.22,358.00,2.00,236.61,359.00,0.00,19.15,24.80,12.90,991.02,992.80,988.90,19.85,26.30,12.80,54.01,83.30,28.90,0.55,12.44,0.00,544.57,12320.00,0.00,0.00,0.00,0.00,3.89,88.00,0.00,
2016-08-03 01:00:00+02,0.55,3.50,0.00,1.51,4.60,0.10,2.42,6.40,0.20,200.30,359.00,4.00,251.83,352.00,4.00,236.30,359.00,0.00,20.52,25.30,16.90,989.54,990.90,988.50,21.18,26.70,17.00,54.13,72.60,38.60,0.00,0.00,0.00,0.00,0.00,0.00,0.00,0.00,0.00,0.00,0.00,0.00,
2016-08-04 01:00:00+02,0.45,4.00,0.00,1.26,5.40,0.10,2.03,7.50,0.20,183.78,359.00,0.00,237.91,358.00,1.00,219.70,359.00,0.00,24.15,30.50,17.80,988.07,989.10,986.90,24.73,31.40,17.80,54.98,75.80,33.60,0.00,0.00,0.00,0.00,0.00,0.00,0.00,0.00,0.00,0.00,0.00,0.00,
2016-08-05 01:00:00+02,0.48,3.40,0.00,1.50,5.50,0.10,2.51,8.80,0.30,193.04,359.00,1.00,242.52,359.00,0.00,209.65,359.00,0.00,24.56,31.80,17.80,986.48,991.60,985.00,25.36,32.60,18.00,56.13,79.80,30.70,0.00,0.00,0.00,0.00,0.00,0.00,0.00,0.00,0.00,0.00,0.00,0.00,
2016-08-06 01:00:00+02,0.59,2.40,0.00,1.64,4.00,0.30,2.61,6.20,0.60,221.74,326.00,90.00,272.30,358.00,1.00,239.22,359.00,0.00,16.62,17.90,15.40,995.01,998.10,991.50,16.76,18.00,15.40,77.58,83.50,70.30,0.69,1.58,0.00,2102.22,4730.00,0.00,0.07,4.20,0.00,2.03,4.20,0.00,
2016-08-07 01:00:00+02,0.61,4.10,0.00,1.81,6.10,0.10,2.94,8.10,0.30,218.30,330.00,75.00,268.96,355.00,0.00,232.35,359.00,0.00,18.09,23.30,13.40,998.87,1000.50,997.70,18.61,24.20,13.40,56.55,83.00,32.50,0.07,1.58,0.00,209.09,4730.00,0.00,0.00,0.00,0.00,0.19,4.20,0.00,
2016-08-08 01:00:00+02,0.37,3.00,0.00,1.07,4.40,0.10,1.76,6.00,0.30,181.43,357.00,1.00,233.39,359.00,0.00,226.74,359.00,0.00,20.71,28.80,11.50,994.27,997.80,991.00,21.49,30.10,11.40,52.82,81.40,29.80,0.00,0.00,0.00,0.00,0.00,0.00,0.00,0.00,0.00,0.00,0.00,0.00,
2016-08-09 01:00:00+02,0.65,4.60,0.00,1.85,11.30,0.10,3.01,18.00,0.30,219.65,356.00,0.00,256.13,359.00,0.00,203.61,359.00,0.00,20.77,28.50,14.70,989.75,991.10,987.20,21.32,29.80,15.00,60.68,81.20,36.00,0.10,0.37,0.00,362.22,1400.00,0.00,0.02,2.40,0.00,0.81,2.70,0.00,
2016-08-10 01:00:00+02,0.47,2.60,0.00,1.34,5.40,0.10,2.21,7.90,0.30,254.24,359.00,0.00,230.29,359.00,0.00,119.19,359.00,0.00,12.95,14.80,11.40,990.51,991.90,989.80,13.05,15.00,11.50,80.02,83.80,71.70,4.72,11.55,0.00,11076.05,29290.00,0.00,1.07,28.70,0.00,6.63,29.10,0.00,
2016-08-11 01:00:00+02,0.56,3.40,0.00,1.61,5.00,0.10,2.57,7.00,0.30,215.70,358.00,1.00,258.17,359.00,0.00,221.96,359.00,0.00,13.07,17.00,9.20,994.07,996.00,991.60,13.39,17.70,9.10,70.74,83.80,45.00,0.52,11.00,0.00,1671.09,29290.00,0.00,0.00,0.30,0.00,0.57,8.10,0.00,
2016-08-12 01:00:00+02,0.45,3.20,0.00,1.19,4.70,0.10,1.93,6.40,0.30,192.26,352.00,6.00,243.13,359.00,4.00,236.13,359.00,0.00,14.62,20.00,7.20,996.79,997.80,995.80,15.13,21.60,7.00,57.70,85.50,29.10,0.00,0.06,0.00,31.39,710.00,0.00,0.00,0.00,0.00,0.02,0.40,0.00,
2016-08-13 01:00:00+02,0.64,3.80,0.00,1.74,5.60,0.10,2.75,7.80,0.30,201.26,288.00,25.00,251.04,346.00,25.00,248.83,359.00,0.00,17.21,21.10,11.60,996.62,997.70,995.10,17.59,21.90,11.50,65.22,82.00,53.50,0.01,0.02,0.00,13.78,20.00,0.00,0.00,1.30,0.00,0.97,1.40,0.00,
2016-08-14 01:00:00+02,0.59,4.70,0.00,1.76,7.10,0.10,2.89,9.50,0.20,209.70,358.00,2.00,261.43,356.00,3.00,238.70,359.00,0.00,20.08,25.70,13.20,993.99,995.10,992.70,20.50,26.50,13.10,66.22,84.10,44.60,0.02,0.09,0.00,84.30,390.00,0.00,0.00,1.20,0.00,0.36,1.40,0.00,
2016-08-15 01:00:00+02,0.54,3.50,0.00,1.54,5.40,0.10,2.50,7.90,0.30,220.43,334.00,52.00,274.17,358.00,1.00,222.65,359.00,0.00,18.85,22.70,14.70,994.39,995.50,993.20,19.34,23.50,14.90,57.06,82.10,34.80,0.00,0.09,0.00,17.26,390.00,0.00,0.00,0.00,0.00,0.06,1.40,0.00,
2016-08-16 01:00:00+02,0.45,3.50,0.00,1.34,5.60,0.10,2.19,7.70,0.30,216.85,358.00,1.00,265.85,359.00,1.00,198.55,358.00,0.00,16.58,20.60,13.50,990.73,993.20,987.80,17.02,21.80,13.70,61.47,77.70,40.20,0.00,0.00,0.00,0.00,0.00,0.00,0.00,0.00,0.00,0.00,0.00,0.00,
2016-08-17 01:00:00+02,0.39,2.80,0.00,1.06,4.30,0.10,1.73,7.00,0.30,205.46,359.00,0.00,201.38,359.00,0.00,172.54,359.00,0.00,15.81,20.50,12.00,986.72,987.70,986.00,16.19,21.70,11.90,64.44,82.30,41.50,0.64,1.30,0.00,1753.17,3490.00,0.00,0.05,12.00,0.00,6.23,12.00,0.00,
2016-08-18 01:00:00+02,0.40,3.10,0.00,1.08,4.70,0.10,1.77,6.80,0.30,180.67,358.00,1.00,229.14,357.00,0.00,225.05,359.00,0.00,17.87,25.60,9.70,985.42,986.70,984.20,18.63,26.90,9.60,53.95,84.10,27.90,0.06,1.30,0.00,168.95,3490.00,0.00,0.00,0.00,0.00,0.58,12.00,0.00,
2016-08-19 01:00:00+02,,,,,,,,,,,,,,,,,,,,,,,,,,,,,,,,,,,,,,,,,,,
2016-08-20 01:00:00+02,,,,,,,,,,,,,,,,,,,,,,,,,,,,,,,,,,,,,,,,,,,
2016-08-21 01:00:00+02,0.60,3.70,0.00,1.76,6.20,0.20,2.85,9.90,0.50,195.08,359.00,0.00,241.54,358.00,15.00,231.46,359.00,0.00,20.17,26.80,16.10,990.94,993.30,989.10,20.47,28.30,16.10,72.30,84.60,44.30,5.14,9.24,0.00,7137.00,13800.00,0.00,0.69,41.60,0.00,26.54,44.50,0.00,
2016-08-22 01:00:00+02,0.50,2.60,0.00,1.43,4.70,0.20,2.28,6.30,0.50,217.91,319.00,60.00,267.39,346.00,8.00,245.04,359.00,0.00,16.74,18.70,14.90,996.51,999.70,993.00,16.93,19.10,15.10,76.91,83.70,62.60,0.44,9.24,0.00,1159.39,13800.00,0.00,0.00,0.30,0.00,2.23,44.50,0.00,
2016-08-23 01:00:00+02,0.47,2.80,0.00,1.27,4.30,0.20,2.05,5.80,0.30,204.00,348.00,9.00,259.27,348.00,149.00,231.07,359.00,0.00,17.52,24.50,12.10,999.63,1000.50,998.40,18.04,25.70,12.10,67.45,86.10,37.90,0.00,0.06,0.00,66.40,980.00,0.00,0.00,0.00,0.00,0.03,0.40,0.00,
2016-08-24 01:00:00+02,,,,,,,,,,,,,,,,,,,,,,,,,,,,,,,,,,,,,,,,,,,
2016-08-25 01:00:00+02,,,,,,,,,,,,,,,,,,,,,,,,,,,,,,,,,,,,,,,,,,,
2016-08-26 01:00:00+02,0.41,3.00,0.00,1.31,4.40,0.10,2.24,7.30,0.30,162.13,359.00,0.00,119.52,359.00,0.00,147.17,359.00,0.00,20.64,27.60,13.20,996.62,997.80,995.00,21.29,29.30,13.10,55.42,80.90,33.50,0.00,0.00,0.00,0.00,0.00,0.00,0.00,0.00,0.00,0.00,0.00,0.00,
2016-08-27 01:00:00+02,0.29,2.80,0.00,0.86,3.60,0.10,1.46,5.10,0.30,177.52,359.00,0.00,223.57,358.00,10.00,210.48,359.00,0.00,21.82,29.60,13.20,995.52,997.00,993.80,22.61,31.20,13.10,56.64,82.80,29.30,0.00,0.00,0.00,0.00,0.00,0.00,0.00,0.00,0.00,0.00,0.00,0.00,
2016-08-28 01:00:00+02,0.36,2.90,0.00,0.98,3.70,0.10,1.59,4.90,0.30,196.22,347.00,2.00,243.04,358.00,1.00,229.87,359.00,0.00,22.58,30.60,14.80,992.05,994.30,989.50,23.30,31.60,14.70,58.94,83.20,34.10,0.00,0.00,0.00,0.00,0.00,0.00,0.00,0.00,0.00,0.00,0.00,0.00,
2016-08-29 01:00:00+02,0.58,3.90,0.00,1.72,6.40,0.10,2.79,9.40,0.20,211.13,359.00,9.00,262.17,359.00,1.00,236.39,359.00,0.00,20.99,27.80,15.60,989.21,992.50,988.00,21.32,28.70,15.60,67.89,83.20,43.10,1.67,5.95,0.00,874.96,5470.00,0.00,0.23,51.70,0.00,18.20,54.60,0.00,
2016-08-30 01:00:00+02,0.59,3.30,0.00,1.66,5.60,0.10,2.72,8.40,0.30,228.78,350.00,3.00,276.52,358.00,0.00,207.17,359.00,0.00,18.44,22.70,12.70,995.76,998.60,992.40,18.83,23.50,12.70,59.38,85.20,30.10,0.26,5.95,0.00,242.91,5500.00,0.00,0.00,0.10,0.00,2.41,54.60,0.00,
2016-08-31 01:00:00+02,0.37,2.30,0.00,1.11,4.20,0.10,1.86,6.40,0.30,160.30,359.00,0.00,182.22,359.00,1.00,197.39,359.00,0.00,16.64,23.00,9.30,997.95,999.20,996.20,17.39,24.30,9.30,55.97,81.80,34.00,0.00,0.00,0.00,0.00,0.00,0.00,0.00,0.00,0.00,0.00,0.00,0.00,
2016-09-01 01:00:00+02,0.44,4.30,0.00,1.22,5.90,0.10,1.95,7.90,0.30,211.96,358.00,1.00,257.54,358.00,0.00,214.42,359.00,0.00,18.32,25.80,10.50,994.39,996.20,992.70,18.86,26.50,10.40,57.46,80.40,31.10,0.00,0.00,0.00,0.00,0.00,0.00,0.00,0.00,0.00,0.00,0.00,0.00,
2016-09-02 01:00:00+02,0.46,4.00,0.00,1.25,5.70,0.10,2.00,7.70,0.30,201.39,358.00,1.00,246.91,359.00,0.00,229.65,359.00,0.00,19.57,26.20,13.70,993.20,994.20,992.20,20.06,27.30,13.70,57.87,78.70,31.60,0.00,0.00,0.00,7.30,10.00,0.00,0.00,0.00,0.00,0.00,0.00,0.00,
2016-09-03 01:00:00+02,0.44,3.70,0.00,1.15,5.10,0.10,1.82,6.40,0.20,199.65,357.00,0.00,246.74,357.00,1.00,222.26,359.00,0.00,19.40,25.80,12.30,991.85,993.40,990.00,19.83,26.40,12.20,61.93,82.40,39.00,0.00,0.00,0.00,0.43,10.00,0.00,0.00,0.00,0.00,0.00,0.00,0.00,
2016-09-04 01:00:00+02,0.74,4.60,0.00,2.08,7.90,0.10,3.34,11.50,0.40,207.74,359.00,34.00,256.83,358.00,7.00,244.52,359.00,0.00,21.08,28.10,13.70,987.12,990.20,983.50,21.51,28.70,13.70,57.13,82.80,31.20,0.02,0.40,0.00,68.26,1290.00,0.00,0.01,4.00,0.00,0.28,4.60,0.00,
2016-09-05 01:00:00+02,0.62,3.90,0.00,1.84,6.50,0.10,3.02,11.40,0.30,232.78,359.00,0.00,260.43,359.00,0.00,182.74,359.00,0.00,16.88,19.00,14.70,985.66,989.20,982.80,17.03,19.40,14.70,74.65,84.50,57.10,3.70,5.03,0.00,11503.43,19100.00,0.00,0.20,19.00,0.00,22.96,25.70,0.00,
2016-09-06 01:00:00+02,0.93,3.80,0.00,2.42,6.10,0.10,3.93,9.40,0.30,233.17,359.00,0.00,82.39,359.00,0.00,82.70,359.00,0.00,16.88,19.70,14.50,995.47,1000.80,989.00,17.06,20.20,14.50,78.08,83.80,68.50,0.35,5.83,0.00,1834.17,21550.00,0.00,0.04,4.70,0.00,1.96,25.70,0.00,
2016-09-07 01:00:00+02,0.49,3.00,0.00,1.47,5.10,0.10,2.44,6.90,0.20,148.43,359.00,0.00,122.96,359.00,1.00,128.87,358.00,0.00,19.77,24.70,16.00,997.91,1000.50,994.30,20.22,25.80,16.10,70.20,83.40,52.70,0.01,0.13,0.00,45.96,1040.00,0.00,0.00,0.00,0.00,0.04,1.00,0.00,
2016-09-08 01:00:00+02,0.52,4.50,0.00,1.44,6.30,0.10,2.34,7.30,0.20,202.48,346.00,0.00,252.26,359.00,2.00,220.39,359.00,0.00,20.46,28.00,14.30,991.72,994.40,989.50,21.08,29.10,14.40,63.74,87.10,32.80,0.00,0.00,0.00,0.00,0.00,0.00,0.00,0.00,0.00,0.00,0.00,0.00,
2016-09-09 01:00:00+02,0.30,2.20,0.00,0.86,3.80,0.10,1.43,5.20,0.20,188.00,359.00,0.00,227.26,359.00,0.00,201.96,359.00,0.00,21.48,29.50,13.50,990.69,991.80,989.90,22.18,30.90,13.50,59.18,83.00,32.10,0.00,0.00,0.00,0.00,0.00,0.00,0.00,0.00,0.00,0.00,0.00,0.00,
2016-09-10 01:00:00+02,0.29,2.70,0.00,0.89,4.10,0.10,1.53,5.50,0.30,177.04,359.00,0.00,209.61,359.00,0.00,189.13,359.00,0.00,21.42,28.70,14.70,991.55,992.50,990.50,22.08,30.30,14.60,60.82,83.70,33.50,0.00,0.00,0.00,0.00,0.00,0.00,0.00,0.00,0.00,0.00,0.00,0.00,
2016-09-11 01:00:00+02,0.29,1.80,0.00,0.84,2.80,0.10,1.40,4.30,0.30,186.74,359.00,0.00,214.65,359.00,0.00,208.74,359.00,0.00,21.43,29.80,14.10,992.42,994.30,991.40,22.09,31.10,14.00,60.87,83.50,31.40,0.04,0.06,0.00,7.04,10.00,0.00,0.00,3.30,0.00,2.32,3.30,0.00,
2016-09-12 01:00:00+02,0.39,2.70,0.00,1.19,4.50,0.10,1.98,7.60,0.20,177.13,359.00,0.00,191.17,359.00,0.00,186.35,359.00,0.00,21.37,28.50,14.30,994.29,995.40,993.40,21.86,29.80,14.10,57.81,83.30,30.50,0.00,0.06,0.00,0.43,10.00,0.00,0.00,0.00,0.00,0.15,3.30,0.00,
2016-09-13 01:00:00+02,0.39,3.00,0.00,1.13,4.50,0.10,1.87,6.70,0.20,182.26,359.00,0.00,183.00,359.00,0.00,173.78,359.00,0.00,21.12,28.80,13.90,992.57,993.80,990.90,21.62,30.00,13.80,56.02,81.10,29.70,0.00,0.00,0.00,0.00,0.00,0.00,0.00,0.00,0.00,0.00,0.00,0.00,
2016-09-14 01:00:00+02,0.49,3.20,0.00,1.39,4.60,0.10,2.28,6.30,0.30,190.74,359.00,0.00,138.65,359.00,0.00,123.83,359.00,0.00,19.18,24.20,12.80,991.37,992.40,990.60,19.65,25.20,12.80,55.87,79.20,30.70,0.00,0.00,0.00,0.00,0.00,0.00,0.00,0.00,0.00,0.00,0.00,0.00,
2016-09-15 01:00:00+02,0.45,3.50,0.00,1.44,5.00,0.10,2.42,7.50,0.30,158.00,359.00,0.00,128.26,359.00,0.00,132.57,359.00,0.00,17.79,24.80,10.30,991.04,992.20,989.90,18.25,25.90,10.10,55.72,76.60,38.40,0.00,0.00,0.00,0.00,0.00,0.00,0.00,0.00,0.00,0.00,0.00,0.00,
2016-09-16 01:00:00+02,0.39,2.80,0.00,1.16,4.80,0.10,1.98,7.90,0.20,178.61,359.00,0.00,154.52,359.00,0.00,136.22,357.00,0.00,20.17,27.70,12.80,987.51,989.90,985.30,20.66,28.90,12.70,57.02,76.80,35.50,0.00,0.00,0.00,0.00,0.00,0.00,0.00,0.00,0.00,0.00,0.00,0.00,
2016-09-17 01:00:00+02,0.35,2.30,0.00,0.90,4.00,0.10,1.45,7.00,0.20,194.00,359.00,0.00,185.26,359.00,0.00,170.96,359.00,0.00,17.71,19.80,15.40,984.73,985.60,983.50,17.79,20.00,15.30,79.26,85.50,69.80,1.13,4.33,0.00,4633.48,16190.00,0.00,0.18,6.70,0.00,2.98,7.50,0.00,
2016-09-18 01:00:00+02,0.70,3.20,0.00,2.06,5.00,0.10,3.37,7.10,0.20,109.83,359.00,0.00,72.57,349.00,10.00,119.74,351.00,19.00,14.00,17.80,12.30,986.18,987.20,984.80,14.19,17.80,12.50,82.49,85.70,77.80,0.19,4.33,0.00,715.65,16190.00,0.00,0.00,0.00,0.00,0.33,7.50,0.00,
2016-09-19 01:00:00+02,0.72,3.00,0.00,2.08,5.40,0.20,3.46,8.10,0.50,150.30,359.00,0.00,76.52,359.00,1.00,118.91,351.00,0.00,12.01,13.00,11.00,986.54,987.90,985.40,12.14,13.30,11.00,82.14,85.60,71.40,0.01,0.04,0.00,131.78,490.00,0.00,0.00,0.40,0.00,0.18,0.50,0.00,
2016-09-20 01:00:00+02,0.57,4.30,0.00,1.54,6.20,0.10,2.50,7.80,0.30,260.83,359.00,0.00,165.30,359.00,0.00,106.35,359.00,0.00,11.68,14.90,8.60,988.80,990.40,987.30,12.06,15.90,8.90,60.91,83.60,41.50,0.01,0.04,0.00,62.04,490.00,0.00,0.00,0.60,0.00,0.12,0.70,0.00,
2016-09-21 01:00:00+02,0.33,2.80,0.00,0.89,3.90,0.10,1.46,5.20,0.30,220.70,359.00,0.00,206.39,359.00,0.00,167.26,359.00,0.00,10.68,14.90,7.00,991.05,993.40,989.90,10.94,16.00,6.80,72.50,84.20,52.10,0.37,0.50,0.00,1747.96,2440.00,0.00,0.02,3.60,0.00,2.89,3.80,0.00,
2016-09-22 01:00:00+02,0.55,3.70,0.00,1.44,5.50,0.10,2.26,7.40,0.40,206.09,350.00,0.00,252.96,357.00,1.00,239.70,359.00,0.00,10.19,15.60,5.60,994.62,995.60,993.30,10.41,16.30,5.50,72.26,82.40,49.20,0.30,0.61,0.00,476.65,2440.00,0.00,0.03,10.10,0.00,5.18,10.20,0.00,
2016-09-23 01:00:00+02,0.66,4.70,0.00,1.60,6.50,0.10,2.44,8.40,0.20,213.04,310.00,1.00,254.61,354.00,10.00,242.13,359.00,0.00,12.41,18.00,6.20,996.95,998.50,995.50,12.76,18.80,6.10,61.97,83.10,35.60,0.03,0.61,0.00,36.26,820.00,0.00,0.00,0.00,0.00,0.45,10.20,0.00,
2016-09-24 01:00:00+02,0.59,5.40,0.00,1.38,6.20,0.00,2.09,8.30,0.20,201.04,357.00,0.00,238.57,359.00,0.00,232.52,359.00,0.00,11.98,17.30,7.20,998.51,999.50,997.70,12.10,17.70,7.20,76.49,86.10,56.50,4.35,13.41,0.00,924.30,2940.00,0.00,0.58,91.50,0.00,34.63,98.80,0.00,
2016-09-25 01:00:00+02,0.58,5.50,0.00,1.60,6.20,0.10,2.69,8.10,0.30,177.48,359.00,0.00,205.00,359.00,1.00,173.17,359.00,0.00,11.66,17.80,6.50,997.08,998.50,995.60,12.24,19.00,6.60,69.26,87.00,36.50,0.59,13.41,0.00,129.96,2940.00,0.00,0.00,0.00,0.00,4.37,98.80,0.00,
2016-09-26 01:00:00+02,0.53,3.20,0.00,1.62,6.00,0.10,2.75,8.30,0.30,149.57,359.00,0.00,109.43,359.00,0.00,120.43,357.00,0.00,10.58,16.20,6.10,996.82,998.20,995.70,10.84,17.10,5.90,74.46,86.20,54.10,0.00,0.00,0.00,0.00,0.00,0.00,0.00,0.00,0.00,0.00,0.00,0.00,
2016-09-27 01:00:00+02,0.37,2.70,0.00,1.10,3.30,0.10,1.83,4.60,0.20,155.48,359.00,0.00,129.74,359.00,1.00,150.43,358.00,0.00,10.45,17.70,6.60,999.65,1001.20,997.90,10.92,18.50,6.70,72.29,84.50,46.40,0.00,0.00,0.00,0.00,0.00,0.00,0.00,0.00,0.00,0.00,0.00,0.00,
2016-09-28 01:00:00+02,0.59,4.00,0.00,1.73,7.50,0.10,2.85,11.00,0.30,207.39,338.00,34.00,261.35,355.00,6.00,237.52,359.00,0.00,13.05,20.20,4.30,997.91,1000.90,994.60,13.36,20.90,4.60,67.15,85.80,42.20,0.00,0.00,0.00,0.00,0.00,0.00,0.00,0.00,0.00,0.00,0.00,0.00,
2016-09-29 01:00:00+02,0.83,4.80,0.00,2.34,7.70,0.10,3.76,9.50,0.30,201.09,348.00,0.00,249.87,349.00,9.00,253.52,359.00,0.00,18.67,23.40,13.50,993.27,995.80,989.10,18.97,23.90,13.50,54.06,70.80,39.20,0.00,0.00,0.00,0.00,0.00,0.00,0.00,0.00,0.00,0.00,0.00,0.00,
2016-09-30 01:00:00+02,0.51,3.70,0.00,1.51,7.10,0.10,2.48,10.90,0.30,193.13,359.00,1.00,220.09,359.00,0.00,208.87,359.00,0.00,18.09,24.40,12.70,989.08,990.00,988.20,18.41,25.10,12.60,58.07,80.60,37.50,0.00,0.00,0.00,0.00,0.00,0.00,0.00,0.00,0.00,0.00,0.00,0.00,
2016-10-01 01:00:00+02,0.31,2.50,0.00,0.88,3.60,0.10,1.47,5.90,0.20,173.96,359.00,0.00,194.74,359.00,0.00,198.61,359.00,0.00,17.19,24.90,10.90,987.37,989.00,985.40,17.76,26.10,10.90,63.48,82.80,35.80,0.00,0.00,0.00,0.00,0.00,0.00,0.00,0.00,0.00,0.00,0.00,0.00,
2016-10-02 01:00:00+02,0.33,2.20,0.00,0.90,3.70,0.10,1.48,6.60,0.20,212.96,358.00,0.00,242.91,359.00,0.00,197.87,359.00,0.00,15.93,22.70,9.30,987.25,988.70,985.90,16.32,24.00,9.40,68.96,84.20,44.10,1.91,11.25,0.00,981.00,6330.00,0.00,0.49,59.30,0.00,12.58,65.80,0.00,
2016-10-03 01:00:00+02,0.71,13.10,0.00,2.10,17.10,0.10,3.46,25.90,0.30,212.39,340.00,37.00,265.61,357.00,0.00,250.35,359.00,0.00,12.37,14.70,10.60,990.49,992.20,988.00,12.51,14.70,10.70,81.51,83.80,77.60,1.21,11.25,0.00,2944.43,7140.00,0.00,0.08,3.30,0.00,5.11,65.80,0.00,
2016-10-04 01:00:00+02,1.04,6.00,0.00,2.82,9.00,0.20,4.73,13.60,0.50,265.78,359.00,0.00,154.52,359.00,0.00,116.17,358.00,0.00,10.54,13.00,6.20,992.23,996.60,988.70,10.67,13.10,6.30,70.84,86.40,46.20,10.82,14.93,0.00,20788.26,30720.00,0.00,0.63,10.50,0.00,9.68,11.20,0.00,
2016-10-05 01:00:00+02,0.88,3.50,0.00,2.78,6.20,0.30,4.75,10.40,0.80,240.61,351.00,0.00,279.70,359.00,0.00,195.70,359.00,0.00,5.15,7.10,4.20,990.06,995.50,982.40,5.36,7.20,4.50,74.72,84.80,61.60,2.60,14.93,0.00,10836.30,33580.00,0.00,0.33,4.90,0.00,2.19,11.20,0.00,
2016-10-06 01:00:00+02,0.68,3.40,0.00,2.07,5.40,0.10,3.48,8.20,0.30,116.00,359.00,0.00,75.52,352.00,3.00,126.26,359.00,3.00,6.09,9.30,3.20,986.44,990.20,982.60,6.52,10.10,3.90,71.07,84.10,47.70,0.38,8.59,0.00,1491.96,33620.00,0.00,0.00,0.00,0.00,0.22,4.90,0.00,
2016-10-07 01:00:00+02,0.45,2.20,0.00,1.19,3.30,0.10,1.87,5.10,0.30,215.78,357.00,0.00,248.13,359.00,0.00,205.52,359.00,0.00,6.21,11.90,1.90,990.38,991.30,989.50,6.83,13.90,3.10,70.41,82.60,46.00,0.00,0.00,0.00,0.87,20.00,0.00,0.00,0.00,0.00,0.00,0.00,0.00,
2016-10-08 01:00:00+02,0.52,2.80,0.00,1.61,4.30,0.20,2.66,6.20,0.40,209.22,344.00,5.00,263.83,350.00,147.00,240.13,359.00,0.00,6.41,8.00,4.60,990.58,992.90,988.70,6.61,8.20,4.90,76.44,83.20,69.70,0.05,0.17,0.00,488.83,1390.00,0.00,0.01,1.80,0.00,0.67,1.80,0.00,
2016-10-09 01:00:00+02,0.39,2.80,0.00,1.12,4.50,0.10,1.80,6.80,0.20,205.83,359.00,2.00,246.09,358.00,0.00,221.61,359.00,0.00,6.98,11.10,3.10,994.41,995.90,992.90,7.42,11.90,3.80,70.92,85.10,47.60,0.01,0.17,0.00,72.30,1390.00,0.00,0.00,0.30,0.00,0.10,1.80,0.00,
2016-10-10 01:00:00+02,0.47,3.00,0.00,1.18,3.90,0.10,1.84,5.60,0.30,210.48,358.00,43.00,259.74,354.00,0.00,221.70,359.00,0.00,8.12,9.70,6.80,995.09,996.10,993.30,8.32,10.00,6.90,76.41,82.60,61.20,0.18,0.40,0.00,958.00,2260.00,0.00,0.01,2.30,0.00,1.59,2.80,0.00,
2016-10-11 01:00:00+02,0.62,3.20,0.00,1.95,6.00,0.10,3.33,10.10,0.20,160.39,359.00,0.00,107.17,359.00,2.00,135.17,359.00,1.00,7.41,9.50,6.40,990.18,993.30,987.80,7.60,10.10,6.50,77.56,82.80,62.60,0.13,2.21,0.00,751.48,9100.00,0.00,0.07,2.70,0.00,0.50,3.10,0.00,
2016-10-12 01:00:00+02,0.98,4.00,0.00,3.40,7.20,1.00,6.02,12.40,2.20,118.65,359.00,0.00,64.04,94.00,30.00,119.87,227.00,57.00,7.23,8.00,6.60,988.04,991.00,986.90,7.34,8.10,6.80,81.21,83.30,78.30,2.14,3.25,0.03,5994.26,13330.00,50.00,0.14,7.10,0.00,7.23,7.50,1.90,
2016-10-13 01:00:00+02,0.76,3.30,0.00,2.51,5.80,0.40,4.34,10.30,0.90,118.83,359.00,0.00,76.70,160.00,22.00,131.83,317.00,66.00,5.82,6.70,4.40,994.11,996.70,990.90,6.06,6.80,4.70,72.65,80.20,60.00,0.15,3.25,0.00,619.87,13330.00,0.00,0.00,0.10,0.00,0.39,7.50,0.00,
2016-10-14 01:00:00+02,0.61,4.10,0.00,2.08,5.50,0.20,3.65,7.70,0.50,104.30,359.00,0.00,85.91,172.00,28.00,142.96,272.00,68.00,6.88,12.00,2.40,995.11,996.60,992.40,7.42,12.30,3.30,66.86,79.20,53.80,0.00,0.01,0.00,2.22,50.00,0.00,0.00,0.00,0.00,0.00,0.10,0.00,
2016-10-15 01:00:00+02,0.79,3.50,0.00,2.53,6.30,0.40,4.28,8.90,1.10,110.57,359.00,0.00,68.30,124.00,12.00,120.78,250.00,44.00,9.79,14.60,6.60,990.80,994.10,988.90,10.20,15.30,6.80,66.44,79.30,53.50,0.00,0.00,0.00,0.00,0.00,0.00,0.00,0.00,0.00,0.00,0.00,0.00,
2016-10-16 01:00:00+02,0.85,4.90,0.00,2.77,7.90,0.30,4.75,10.90,1.10,98.74,359.00,0.00,73.70,127.00,33.00,126.91,255.00,65.00,5.95,6.70,5.00,998.00,1001.50,994.00,6.13,6.90,5.10,78.17,83.10,70.80,2.02,2.92,0.00,9468.26,14170.00,0.00,0.12,4.50,0.00,3.74,4.80,0.00,
2016-10-17 01:00:00+02,0.69,3.50,0.00,2.09,4.90,0.20,3.57,7.40,0.70,104.57,359.00,0.00,74.61,132.00,11.00,126.70,267.00,46.00,7.62,11.10,4.90,1000.87,1002.30,999.00,7.89,11.70,5.20,71.90,78.00,63.70,0.13,2.92,0.00,626.35,14170.00,0.00,0.00,0.00,0.00,0.21,4.80,0.00,
2016-10-18 01:00:00+02,0.28,1.60,0.00,0.82,2.50,0.10,1.35,3.30,0.30,177.43,359.00,0.00,146.17,359.00,0.00,143.96,359.00,0.00,10.72,14.80,8.00,996.51,999.00,995.00,11.06,15.60,8.20,71.59,78.90,53.90,0.01,0.01,0.00,86.61,180.00,0.00,0.00,0.20,0.00,0.12,0.20,0.00,
2016-10-19 01:00:00+02,0.28,2.30,0.00,0.74,3.20,0.10,1.19,4.50,0.30,173.22,358.00,0.00,199.91,358.00,1.00,216.70,359.00,0.00,10.17,12.80,8.70,992.56,994.90,991.40,10.37,14.10,8.70,77.58,84.60,61.20,0.23,0.31,0.01,1933.70,2670.00,50.00,0.01,1.00,0.00,1.11,1.20,0.20,
2016-10-20 01:00:00+02,0.30,1.90,0.00,0.88,2.60,0.10,1.45,4.00,0.30,170.04,359.00,0.00,120.65,359.00,1.00,151.96,359.00,0.00,9.05,9.70,7.40,989.91,991.90,988.10,9.16,9.80,7.50,81.57,85.00,78.60,1.54,5.19,0.00,10225.48,32340.00,0.00,0.20,3.80,0.00,1.58,3.80,0.00,
2016-10-21 01:00:00+02,0.41,1.90,0.00,0.95,2.50,0.10,1.47,2.90,0.30,185.70,359.00,0.00,197.74,359.00,0.00,198.17,359.00,0.00,7.95,8.90,7.20,987.51,988.30,986.60,8.07,9.00,7.40,84.28,85.40,82.80,4.53,7.76,0.00,10892.78,32340.00,0.00,0.32,6.20,0.00,4.32,6.60,0.00,
2016-10-22 01:00:00+02,0.57,3.40,0.00,1.63,5.40,0.10,2.62,7.50,0.30,190.04,359.00,0.00,218.39,349.00,0.00,220.43,359.00,0.00,7.42,10.40,4.70,988.85,991.80,987.20,7.64,11.00,5.00,75.79,85.20,54.50,0.35,7.76,0.00,1034.78,19040.00,0.00,0.00,0.10,0.00,0.54,6.60,0.00,
2016-10-23 01:00:00+02,0.42,2.70,0.00,1.26,4.20,0.10,2.10,6.60,0.30,149.74,359.00,0.00,79.30,359.00,0.00,126.43,347.00,0.00,7.70,13.70,2.60,992.48,993.30,991.70,8.24,14.50,3.60,68.58,84.80,38.50,0.00,0.01,0.00,10.17,230.00,0.00,0.00,0.00,0.00,0.01,0.30,0.00,
2016-10-24 01:00:00+02,0.34,2.60,0.00,0.94,3.20,0.10,1.55,4.10,0.20,180.17,359.00,0.00,112.87,359.00,0.00,126.87,359.00,0.00,10.96,18.00,5.60,992.11,993.30,990.80,11.28,18.80,5.70,68.65,83.00,47.80,0.00,0.00,0.00,5.91,10.00,0.00,0.00,0.00,0.00,0.00,0.00,0.00,
2016-10-25 01:00:00+02,0.43,2.40,0.00,1.21,4.00,0.10,1.95,6.30,0.30,229.26,356.00,2.00,267.26,359.00,0.00,215.83,359.00,0.00,12.41,16.50,8.70,992.24,996.90,989.90,12.62,17.00,8.70,76.75,83.20,66.60,0.00,0.04,0.00,73.09,600.00,0.00,0.00,0.40,0.00,0.05,0.40,0.00,
2016-10-26 01:00:00+02,0.50,3.40,0.00,1.36,4.40,0.10,2.20,5.90,0.40,247.83,359.00,0.00,152.83,359.00,0.00,85.13,359.00,0.00,8.72,10.60,6.30,1000.21,1003.00,996.80,8.95,11.40,6.40,67.15,79.10,46.90,0.01,0.04,0.00,33.96,600.00,0.00,0.00,0.60,0.00,0.24,0.60,0.00,
2016-10-27 01:00:00+02,0.37,2.70,0.00,1.09,3.20,0.10,1.80,4.20,0.20,167.91,359.00,0.00,105.74,359.00,0.00,141.00,357.00,1.00,6.62,8.90,1.20,1004.53,1007.00,1002.70,6.99,9.80,2.60,62.53,79.30,44.30,0.01,0.02,0.00,10.48,20.00,0.00,0.00,0.60,0.00,0.32,0.60,0.00,
2016-10-28 01:00:00+02,0.71,4.20,0.00,2.16,6.90,0.20,3.59,12.00,0.30,199.09,331.00,1.00,251.17,352.00,1.00,246.00,359.00,0.00,6.11,12.10,-1.10,1003.18,1006.80,999.40,7.10,12.30,1.20,70.08,81.10,51.30,0.01,0.02,0.00,87.48,300.00,0.00,0.00,0.30,0.00,0.11,0.60,0.00,
2016-10-29 01:00:00+02,1.07,5.20,0.10,3.71,8.30,0.90,6.35,13.90,2.10,220.57,315.00,105.00,279.04,346.00,229.00,248.70,359.00,0.00,8.75,10.50,4.60,997.45,999.60,995.60,8.96,10.90,4.80,66.22,80.60,48.60,0.29,1.76,0.00,921.57,4800.00,0.00,0.05,3.40,0.00,2.84,6.40,0.00,
2016-10-30 01:00:00+02,0.85,3.70,0.10,2.91,7.60,0.60,4.94,12.50,1.30,224.61,300.00,104.00,281.57,331.00,222.00,240.13,359.00,0.00,6.70,8.80,4.60,996.48,999.30,995.30,6.92,9.40,4.90,65.22,78.20,49.30,0.09,1.76,0.00,405.48,4800.00,0.00,0.00,0.40,0.00,0.62,6.40,0.00,
2016-10-31 00:00:00+01,0.80,3.60,0.00,2.44,5.60,0.50,3.92,8.60,1.40,218.39,284.00,86.00,270.87,321.00,224.00,261.09,359.00,0.00,6.26,7.40,4.90,998.90,1000.50,997.00,6.51,7.90,5.10,63.26,73.70,48.00,0.00,0.02,0.00,11.91,270.00,0.00,0.00,0.10,0.00,0.02,0.40,0.00,
2016-11-01 00:00:00+01,0.64,3.10,0.00,1.69,4.10,0.20,2.63,6.00,0.50,206.09,280.00,65.00,255.65,343.00,164.00,248.87,359.00,0.00,8.25,11.20,5.80,992.80,997.20,985.60,8.49,11.60,5.90,69.79,79.40,63.10,0.02,0.04,0.00,103.52,240.00,0.00,0.00,0.80,0.00,0.52,1.20,0.00,
2016-11-02 00:00:00+01,1.12,5.10,0.00,3.34,7.70,0.10,5.36,11.80,0.30,208.17,327.00,80.00,261.74,358.00,20.00,248.78,359.00,0.00,7.17,9.10,4.60,982.96,984.80,981.70,7.33,9.20,4.80,71.47,79.50,63.60,1.13,2.59,0.00,5049.43,8430.00,0.00,0.11,15.90,0.00,8.15,23.00,0.00,
2016-11-03 00:00:00+01,0.94,4.30,0.10,3.17,8.50,0.60,5.32,13.00,1.30,213.57,289.00,84.00,271.91,335.00,228.00,245.04,359.00,0.00,3.35,6.60,1.40,989.75,995.50,982.50,4.06,6.80,2.60,66.42,78.40,57.90,0.33,2.59,0.00,1490.26,8430.00,0.00,0.01,2.30,0.00,3.91,23.00,0.00,
2016-11-04 00:00:00+01,0.51,4.00,0.00,1.29,4.90,0.10,2.02,6.90,0.30,188.83,359.00,0.00,208.26,357.00,2.00,229.52,359.00,0.00,3.79,8.60,-0.70,993.33,995.40,989.40,4.73,9.00,1.40,57.14,72.00,41.10,0.01,0.31,0.00,72.04,1630.00,0.00,0.00,0.00,0.00,0.14,3.10,0.00,
2016-11-05 00:00:00+01,0.38,2.00,0.00,1.18,3.70,0.10,2.00,5.50,0.40,132.04,359.00,0.00,104.43,359.00,0.00,152.43,358.00,2.00,8.14,14.00,4.10,981.81,989.10,973.40,8.52,14.70,4.50,52.58,65.50,36.00,0.00,0.00,0.00,7.26,10.00,0.00,0.00,0.00,0.00,0.00,0.00,0.00,
2016-11-06 00:00:00+01,0.40,2.40,0.00,1.09,3.90,0.10,1.76,6.10,0.30,227.65,359.00,0.00,185.43,359.00,0.00,130.78,359.00,0.00,7.14,8.60,5.20,972.47,973.80,971.50,7.27,9.00,5.30,78.80,84.50,66.90,2.33,9.97,0.00,7635.09,22980.00,0.00,0.42,10.50,0.00,3.30,11.00,0.00,
2016-11-07 00:00:00+01,0.71,4.60,0.00,1.94,5.90,0.30,3.07,7.40,0.70,218.17,359.00,1.00,253.17,358.00,0.00,227.70,359.00,0.00,5.15,6.90,4.30,977.42,982.20,973.00,5.41,7.50,4.60,75.02,83.70,63.10,1.29,9.98,0.00,8634.17,23000.00,0.00,0.04,1.10,0.00,1.65,11.00,0.00,
2016-11-08 00:00:00+01,0.41,2.30,0.00,1.24,3.90,0.10,2.11,6.10,0.30,147.83,359.00,0.00,147.09,359.00,8.00,189.17,359.00,0.00,4.40,7.60,0.90,983.44,984.00,982.60,5.10,8.70,2.40,64.94,78.50,49.80,0.04,1.01,0.00,403.13,9120.00,0.00,0.00,0.00,0.00,0.06,1.30,0.00,
2016-11-09 00:00:00+01,0.58,3.00,0.00,1.53,3.90,0.20,2.38,5.60,0.40,207.87,359.00,0.00,228.04,359.00,0.00,205.83,359.00,0.00,2.48,4.00,0.90,981.41,983.50,980.10,3.45,4.60,2.30,75.67,79.70,71.80,0.00,0.00,0.00,0.00,0.00,0.00,0.00,0.00,0.00,0.00,0.00,0.00,
2016-11-10 00:00:00+01,0.37,2.30,0.00,1.02,3.70,0.20,1.67,5.50,0.30,160.22,359.00,0.00,179.22,359.00,1.00,201.74,358.00,0.00,2.72,5.90,-1.90,981.85,982.70,981.30,3.77,6.60,0.60,66.39,81.90,49.30,0.00,0.01,0.00,27.22,90.00,0.00,0.00,0.10,0.00,0.05,0.20,0.00,
2016-11-11 00:00:00+01,0.73,4.10,0.00,2.01,5.70,0.20,3.21,7.90,0.60,216.26,359.00,0.00,193.87,359.00,0.00,175.61,359.00,0.00,4.59,6.70,3.10,987.86,994.10,983.00,5.06,7.70,3.80,63.77,71.50,55.30,0.01,0.02,0.00,125.48,390.00,0.00,0.00,0.40,0.00,0.14,0.40,0.00,
2016-11-12 00:00:00+01,0.99,4.70,0.00,2.56,6.30,0.40,4.14,8.40,1.00,201.57,359.00,0.00,38.39,358.00,0.00,83.74,215.00,14.00,0.95,3.00,-0.50,995.42,996.20,994.20,2.38,3.80,1.30,73.90,77.60,68.80,0.01,0.02,0.00,106.74,390.00,0.00,0.00,0.10,0.00,0.05,0.40,0.00,
2016-11-13 00:00:00+01,0.60,3.50,0.00,1.68,5.00,0.30,2.77,7.40,0.70,252.91,359.00,0.00,216.87,359.00,0.00,127.30,359.00,0.00,0.53,2.50,-1.70,998.57,1003.10,995.20,2.18,3.60,0.70,65.19,72.00,56.60,0.00,0.02,0.00,17.87,330.00,0.00,0.00,0.00,0.00,0.00,0.10,0.00,
2016-11-14 00:00:00+01,0.39,2.60,0.00,1.03,4.00,0.10,1.70,6.50,0.30,243.78,359.00,0.00,216.78,359.00,0.00,135.13,359.00,0.00,1.59,3.40,-1.80,1006.05,1007.40,1003.30,2.95,4.20,0.70,65.48,76.80,48.40,0.00,0.00,0.00,6.83,10.00,0.00,0.00,0.00,0.00,0.00,0.00,0.00,
2016-11-15 00:00:00+01,0.37,3.30,0.00,1.00,6.20,0.10,1.65,8.00,0.20,179.13,355.00,3.00,229.83,357.00,28.00,233.70,359.00,0.00,0.05,4.70,-5.70,1002.13,1006.80,996.30,2.01,5.20,-2.00,65.88,80.60,49.70,0.00,0.00,0.00,0.43,10.00,0.00,0.00,0.00,0.00,0.00,0.00,0.00,
2016-11-16 00:00:00+01,0.60,3.90,0.00,1.42,6.00,0.10,2.15,7.50,0.40,193.70,350.00,3.00,235.13,336.00,90.00,250.52,359.00,0.00,3.35,5.90,0.60,992.15,996.10,988.80,4.12,6.10,2.00,74.83,81.40,67.30,0.18,0.42,0.00,1196.83,3470.00,0.00,0.02,1.90,0.00,1.77,2.20,0.00,
2016-11-17 00:00:00+01,0.34,2.80,0.00,1.00,4.50,0.10,1.63,6.80,0.20,182.87,359.00,1.00,231.43,359.00,0.00,220.87,359.00,0.00,6.83,9.60,4.30,987.33,988.70,986.30,7.08,9.90,4.50,74.12,81.40,64.10,0.03,0.62,0.00,247.74,4570.00,0.00,0.00,0.10,0.00,0.17,2.20,0.00,
2016-11-18 00:00:00+01,0.44,4.50,0.00,1.19,7.40,0.10,1.90,10.30,0.20,204.83,359.00,1.00,206.61,359.00,0.00,195.30,359.00,0.00,7.85,14.20,2.40,985.09,987.40,983.40,8.24,14.70,3.50,66.68,80.30,46.10,0.00,0.01,0.00,3.09,70.00,0.00,0.00,0.00,0.00,0.00,0.10,0.00,
2016-11-19 00:00:00+01,0.39,4.70,0.00,1.09,8.50,0.10,1.80,12.30,0.30,175.74,359.00,0.00,157.00,358.00,0.00,175.61,359.00,0.00,9.79,14.90,4.70,985.54,988.60,982.40,9.91,15.40,4.90,69.51,80.00,52.40,0.40,1.08,0.00,1452.70,4350.00,0.00,0.04,6.30,0.00,3.96,7.30,0.00,
2016-11-20 00:00:00+01,0.41,2.20,0.00,1.11,4.00,0.10,1.82,7.20,0.30,166.04,359.00,0.00,128.91,359.00,0.00,148.78,359.00,0.00,9.04,12.60,6.40,988.88,990.10,987.50,9.12,12.80,6.30,76.14,82.20,66.10,0.06,1.39,0.00,293.04,6630.00,0.00,0.00,0.20,0.00,0.32,7.30,0.00,
2016-11-21 00:00:00+01,0.50,2.40,0.00,1.36,3.70,0.10,2.26,6.00,0.30,140.22,359.00,0.00,131.30,359.00,0.00,153.09,359.00,0.00,11.31,19.00,6.40,989.84,990.90,989.00,11.50,19.40,6.30,64.88,81.20,41.20,0.00,0.00,0.00,0.00,0.00,0.00,0.00,0.00,0.00,0.00,0.00,0.00,
2016-11-22 00:00:00+01,0.35,2.10,0.00,1.10,3.50,0.10,1.87,5.10,0.40,142.43,359.00,0.00,91.52,359.00,0.00,135.52,359.00,1.00,9.99,16.80,5.70,992.09,994.20,990.80,10.20,17.40,5.70,65.82,76.10,47.80,0.00,0.00,0.00,0.00,0.00,0.00,0.00,0.00,0.00,0.00,0.00,0.00,
2016-11-23 00:00:00+01,0.33,1.90,0.00,0.90,2.70,0.10,1.48,3.90,0.30,204.87,359.00,0.00,116.43,359.00,0.00,112.35,359.00,0.00,7.52,13.20,3.60,995.05,996.20,994.20,7.85,14.00,4.20,70.27,79.80,52.70,0.00,0.00,0.00,0.00,0.00,0.00,0.00,0.00,0.00,0.00,0.00,0.00,
2016-11-24 00:00:00+01,0.25,1.80,0.00,0.73,2.60,0.10,1.21,3.50,0.30,189.26,359.00,0.00,168.43,359.00,0.00,179.83,359.00,1.00,6.43,9.00,3.90,994.33,995.20,993.60,6.76,9.10,4.30,74.33,80.80,68.40,0.00,0.00,0.00,0.00,0.00,0.00,0.00,0.00,0.00,0.00,0.00,0.00,
2016-11-25 00:00:00+01,0.57,3.20,0.00,1.58,5.00,0.20,2.57,19.10,0.40,172.74,359.00,0.00,58.13,359.00,0.00,107.00,252.00,16.00,5.32,8.60,0.80,995.33,996.50,993.90,5.71,8.70,2.40,79.66,83.50,73.30,0.01,0.01,0.00,148.52,190.00,0.00,0.00,0.00,0.00,0.00,0.00,0.00,
2016-11-26 00:00:00+01,0.38,2.20,0.00,1.02,4.80,0.20,1.65,8.10,0.40,187.22,359.00,0.00,188.17,359.00,0.00,194.04,359.00,0.00,2.65,7.70,-0.70,990.75,995.80,984.90,3.66,7.90,1.40,81.29,83.90,75.50,0.00,0.01,0.00,8.39,190.00,0.00,0.00,0.00,0.00,0.00,0.00,0.00,
2016-11-27 00:00:00+01,0.83,3.70,0.10,2.92,6.50,0.70,5.04,10.70,1.50,218.65,352.00,74.00,279.04,351.00,19.00,233.00,359.00,0.00,4.83,8.30,1.00,982.97,984.90,981.50,5.26,8.50,2.20,74.81,81.50,67.30,0.16,0.55,0.00,885.17,2460.00,0.00,0.02,3.20,0.00,1.50,3.80,0.00,
2016-11-28 00:00:00+01,0.85,3.40,0.10,2.88,7.40,0.50,4.89,14.10,1.30,240.96,344.00,100.00,297.09,359.00,1.00,200.61,359.00,0.00,-0.03,1.50,-2.70,991.27,1000.00,985.00,1.67,2.80,-0.20,66.44,78.80,58.70,0.03,0.71,0.00,127.70,2680.00,0.00,0.00,0.10,0.00,0.26,5.10,0.00,
2016-11-29 00:00:00+01,0.89,3.60,0.10,2.88,6.60,0.60,4.88,10.30,1.20,206.57,276.00,77.00,263.48,326.00,213.00,250.96,359.00,0.00,-1.11,0.40,-4.60,1001.55,1003.00,1000.30,0.84,2.00,-2.20,66.99,74.40,56.00,0.00,0.00,0.00,1.35,30.00,0.00,0.00,0.00,0.00,0.00,0.10,0.00,
2016-11-30 00:00:00+01,0.93,4.70,0.00,3.19,9.30,0.50,5.48,15.00,0.90,202.43,288.00,61.00,263.39,328.00,173.00,239.17,359.00,0.00,0.46,2.50,-1.40,997.44,1002.80,991.20,1.93,3.40,0.50,60.90,78.60,36.00,0.00,0.00,0.00,0.00,0.00,0.00,0.00,0.00,0.00,0.00,0.00,0.00,
2016-12-01 00:00:00+01,0.95,5.60,0.20,3.44,8.80,1.20,6.07,12.80,2.70,202.61,276.00,98.00,268.96,313.00,224.00,241.30,359.00,0.00,1.11,2.70,-0.20,985.29,991.60,975.50,2.33,3.50,1.30,80.18,81.80,77.50,0.09,1.03,0.00,1121.13,8260.00,0.00,0.04,1.80,0.00,0.46,1.80,0.00,
2016-12-02 00:00:00+01,1.12,7.50,0.10,3.98,11.50,0.70,7.06,19.20,1.90,226.78,332.00,86.00,289.22,358.00,0.00,186.30,359.00,0.00,2.67,4.10,1.70,980.28,989.60,970.60,3.52,4.60,2.80,69.02,80.60,59.20,2.53,3.17,0.00,5628.70,14010.00,10.00,0.19,52.30,0.00,47.99,59.90,0.10,
2016-12-03 00:00:00+01,0.83,3.40,0.10,2.78,6.20,0.60,4.68,10.30,1.70,222.13,304.00,102.00,278.48,329.00,226.00,241.74,359.00,0.00,1.14,2.40,-0.30,994.65,999.10,989.60,2.46,3.40,1.50,67.35,78.80,52.30,0.15,3.01,0.00,461.04,6250.00,0.00,0.00,0.30,0.00,3.03,59.90,0.00,
2016-12-04 00:00:00+01,0.64,3.30,0.00,2.04,5.90,0.10,3.40,9.70,0.40,219.91,350.00,11.00,269.30,359.00,1.00,237.30,359.00,0.00,-0.78,1.30,-3.90,1002.21,1004.90,999.00,1.28,2.70,-0.40,68.83,76.80,59.30,0.00,0.02,0.00,10.61,240.00,0.00,0.00,0.00,0.00,0.02,0.50,0.00,
2016-12-05 00:00:00+01,0.45,2.00,0.00,1.19,4.20,0.20,1.97,7.00,0.30,213.83,355.00,55.00,261.83,357.00,1.00,221.91,359.00,0.00,-2.12,3.40,-6.70,1001.20,1004.50,997.90,0.48,4.10,-2.90,62.38,76.70,41.00,0.00,0.00,0.00,0.00,0.00,0.00,0.00,0.00,0.00,0.00,0.00,0.00,
2016-12-06 00:00:00+01,0.80,4.10,0.00,2.58,7.00,0.40,4.39,11.20,0.80,207.04,295.00,97.00,263.22,323.00,181.00,239.17,359.00,0.00,-0.43,1.20,-1.90,1000.01,1005.80,997.30,1.36,2.60,0.30,71.86,78.90,63.70,0.00,0.00,0.00,11.78,40.00,0.00,0.00,0.00,0.00,0.03,0.10,0.00,
2016-12-07 00:00:00+01,0.54,2.50,0.00,1.38,3.70,0.20,2.15,5.00,0.60,202.09,339.00,18.00,249.04,358.00,107.00,237.17,359.00,0.00,0.74,3.20,-0.50,1007.86,1010.50,1004.90,2.27,4.00,1.30,67.63,77.00,54.20,0.00,0.00,0.00,1.78,40.00,0.00,0.00,0.00,0.00,0.00,0.10,0.00,
2016-12-08 00:00:00+01,1.06,3.80,0.00,3.50,7.80,0.20,5.85,13.10,0.50,219.21,283.00,47.00,272.92,318.00,161.00,253.17,359.00,0.00,4.54,7.50,0.10,1000.40,1005.00,996.50,5.14,7.70,1.90,54.63,69.10,35.80,0.07,0.08,0.00,831.83,970.00,0.00,0.00,1.40,0.00,1.23,1.40,0.00,
2016-12-09 00:00:00+01,1.10,4.10,0.10,3.84,7.40,1.00,6.66,13.00,1.70,214.71,278.00,107.00,274.67,319.00,230.00,242.04,359.00,0.00,6.34,7.50,4.20,996.16,997.40,995.00,6.54,7.60,4.50,56.21,76.50,35.40,0.14,0.17,0.00,1470.83,1760.00,0.00,0.01,0.70,0.00,0.64,1.40,0.00,
2016-12-10 00:00:00+01,0.97,3.70,0.10,3.44,7.40,0.90,6.00,11.70,1.70,208.54,278.00,80.00,268.33,332.00,226.00,252.67,359.00,0.00,8.79,11.40,6.00,992.74,997.00,990.40,8.99,11.60,6.20,66.37,76.40,57.50,0.01,0.17,0.00,76.33,1760.00,0.00,0.00,0.00,0.00,0.03,0.70,0.00,
2016-12-11 00:00:00+01,1.23,6.10,0.00,4.08,11.80,0.50,6.87,18.30,0.90,202.25,275.00,73.00,258.88,315.00,135.00,249.33,359.00,0.00,7.78,10.10,5.20,984.03,990.80,978.00,7.93,10.40,5.30,70.81,83.50,49.10,0.34,1.51,0.00,1931.46,7150.00,0.00,0.06,4.30,0.00,1.15,4.90,0.00,
2016-12-12 00:00:00+01,0.87,4.70,0.00,2.77,7.50,0.20,4.75,12.90,0.50,253.09,359.00,0.00,235.13,359.00,0.00,148.22,359.00,0.00,2.20,5.50,-3.40,989.98,1001.10,983.60,3.29,5.60,-0.20,70.26,80.10,56.10,1.20,2.04,0.00,2724.13,8350.00,0.00,0.10,19.90,0.00,11.52,19.90,0.00,
2016-12-13 00:00:00+01,0.39,2.20,0.00,1.06,3.20,0.10,1.75,4.90,0.30,208.74,358.00,0.00,236.26,359.00,0.00,203.52,359.00,0.00,-3.16,-0.40,-6.40,1001.15,1002.90,998.30,-0.17,1.60,-2.70,61.36,75.60,47.70,0.09,2.04,0.00,163.13,3690.00,0.00,0.00,0.00,0.00,0.88,19.90,0.00,
2016-12-14 00:00:00+01,0.68,2.80,0.00,2.15,5.80,0.30,3.56,10.20,0.60,218.61,348.00,55.00,269.48,351.00,0.00,240.78,359.00,0.00,0.29,1.60,-1.30,995.13,997.90,992.80,1.88,2.80,0.80,68.92,80.40,51.40,0.01,0.01,0.00,50.39,100.00,0.00,0.00,0.40,0.00,0.20,0.40,0.00,
2016-12-15 00:00:00+01,0.56,2.30,0.00,1.65,3.60,0.20,2.66,5.30,0.60,230.04,359.00,0.00,205.65,359.00,0.00,158.48,359.00,0.00,1.79,2.80,0.80,1002.36,1006.30,997.70,2.98,3.70,2.30,74.08,78.60,68.60,0.00,0.01,0.00,4.43,100.00,0.00,0.00,0.00,0.00,0.02,0.40,0.00,
2016-12-16 00:00:00+01,0.45,3.10,0.00,1.16,4.10,0.20,1.84,5.60,0.40,177.26,359.00,0.00,174.04,352.00,6.00,202.43,359.00,0.00,-0.09,3.00,-2.30,1007.97,1008.80,1006.60,1.76,3.80,0.40,67.58,75.50,54.50,0.00,0.00,0.00,0.00,0.00,0.00,0.00,0.00,0.00,0.00,0.00,0.00,
2016-12-17 00:00:00+01,0.48,2.90,0.00,1.16,3.90,0.10,1.88,5.80,0.30,198.00,358.00,0.00,230.91,358.00,2.00,230.70,359.00,0.00,-1.31,2.90,-4.40,1007.51,1008.80,1006.50,1.03,3.70,-1.30,68.17,76.90,51.00,0.00,0.00,0.00,0.00,0.00,0.00,0.00,0.00,0.00,0.00,0.00,0.00,
2016-12-18 00:00:00+01,0.65,4.10,0.00,1.84,5.90,0.20,2.95,8.30,0.50,205.52,356.00,5.00,253.17,357.00,0.00,247.57,359.00,0.00,0.01,1.20,-2.20,1004.87,1007.00,1003.60,1.67,2.80,-0.10,78.97,82.20,75.40,0.00,0.00,0.00,0.00,0.00,0.00,0.00,0.00,0.00,0.00,0.00,0.00,
2016-12-19 00:00:00+01,0.52,2.90,0.00,1.28,3.60,0.20,1.98,4.70,0.40,211.17,358.00,2.00,253.91,358.00,2.00,217.91,359.00,0.00,1.04,2.50,-0.50,1006.06,1007.00,1005.00,2.47,3.50,1.30,79.84,81.50,76.50,0.00,0.03,0.00,12.04,90.00,0.00,0.00,1.30,0.00,0.17,1.30,0.00,
2016-12-20 00:00:00+01,0.46,2.50,0.00,1.30,3.40,0.20,2.11,4.70,0.50,170.17,359.00,0.00,175.91,355.00,3.00,189.83,359.00,0.00,0.25,4.50,-1.80,1004.57,1005.60,1003.90,1.95,5.30,0.50,76.88,82.50,60.70,0.00,0.03,0.00,4.00,90.00,0.00,0.00,0.00,0.00,0.06,1.30,0.00,
2016-12-21 00:00:00+01,0.33,1.90,0.00,0.91,2.70,0.10,1.48,3.50,0.40,173.96,359.00,0.00,194.09,359.00,1.00,206.09,359.00,0.00,-1.52,0.20,-3.80,1004.22,1005.20,1003.60,0.83,2.10,-0.40,79.27,82.80,69.40,0.00,0.00,0.00,0.00,0.00,0.00,0.00,0.00,0.00,0.00,0.00,0.00,
2016-12-22 00:00:00+01,0.61,3.50,0.00,1.57,4.60,0.20,2.47,6.60,0.50,186.91,285.00,18.00,238.35,354.00,136.00,244.30,359.00,0.00,-2.12,1.40,-4.50,1004.62,1005.80,1003.50,0.35,2.80,-1.40,73.87,79.90,64.70,0.00,0.00,0.00,0.00,0.00,0.00,0.00,0.00,0.00,0.00,0.00,0.00,
2016-12-23 00:00:00+01,0.73,3.40,0.00,1.85,4.70,0.40,2.86,6.70,0.70,199.61,333.00,21.00,245.83,329.00,150.00,249.70,359.00,0.00,-1.55,0.70,-4.30,1006.06,1007.20,1004.00,0.56,2.10,-1.70,76.59,82.00,70.70,0.00,0.00,0.00,0.00,0.00,0.00,0.00,0.00,0.00,0.00,0.00,0.00,
2016-12-24 00:00:00+01,0.63,3.30,0.00,1.82,5.20,0.20,2.93,7.10,0.50,190.43,358.00,0.00,233.13,354.00,0.00,233.96,359.00,0.00,0.05,2.80,-2.90,998.56,1004.80,994.20,1.74,3.60,-0.50,78.48,83.00,68.90,0.01,0.12,0.00,100.87,1170.00,0.00,0.00,0.50,0.00,0.07,0.70,0.00,
2016-12-25 00:00:00+01,1.00,5.40,0.00,3.30,9.90,0.40,5.51,13.60,0.70,205.13,277.00,79.00,263.17,347.00,210.00,253.30,359.00,0.00,3.94,5.20,2.60,991.94,994.20,990.20,4.38,5.30,3.30,75.28,83.20,66.00,1.19,2.04,0.00,4472.04,9800.00,0.00,0.08,6.80,0.00,5.94,6.80,0.00,
2016-12-26 00:00:00+01,1.22,10.30,0.10,3.82,17.90,0.80,6.40,23.00,1.50,207.74,353.00,0.00,267.48,328.00,110.00,242.30,359.00,0.00,7.15,8.70,5.40,993.34,994.90,991.80,7.29,8.90,5.40,75.19,83.70,59.70,0.09,2.04,0.00,457.52,9800.00,0.00,0.00,0.10,0.00,0.32,6.80,0.00,
2016-12-27 00:00:00+01,1.47,7.50,0.10,5.09,11.00,1.60,8.75,18.30,3.30,205.57,280.00,98.00,266.39,324.00,229.00,246.52,359.00,0.00,3.86,5.40,2.50,994.46,998.10,992.20,4.34,5.60,3.20,62.11,76.30,51.80,0.12,0.30,0.00,986.78,2380.00,0.00,0.02,1.80,0.00,0.77,1.80,0.00,
2016-12-28 00:00:00+01,0.89,3.90,0.10,3.19,6.80,0.70,5.66,12.70,1.50,244.00,327.00,123.00,308.74,358.00,2.00,155.57,359.00,0.00,1.84,3.50,0.80,1002.93,1008.20,998.40,2.95,4.20,2.20,57.81,63.30,51.90,0.01,0.30,0.00,98.13,2220.00,0.00,0.00,0.00,0.00,0.08,1.80,0.00,
2016-12-29 00:00:00+01,0.62,3.50,0.00,1.62,5.70,0.10,2.61,9.60,0.30,255.17,358.00,2.00,264.35,359.00,0.00,151.09,359.00,0.00,-0.14,1.40,-2.30,1012.27,1013.70,1008.90,1.71,2.80,0.30,62.73,70.00,57.70,0.00,0.00,0.00,0.00,0.00,0.00,0.00,0.00,0.00,0.00,0.00,0.00,
2016-12-30 00:00:00+01,0.45,2.30,0.00,1.04,3.80,0.10,1.68,4.70,0.40,202.83,352.00,0.00,245.04,353.00,2.00,246.30,359.00,0.00,-2.24,1.90,-4.80,1010.64,1013.10,1007.80,0.43,3.20,-1.90,68.86,77.40,55.70,0.00,0.00,0.00,0.00,0.00,0.00,0.00,0.00,0.00,0.00,0.00,0.00,
2016-12-31 00:00:00+01,0.55,2.80,0.00,1.33,4.20,0.10,2.10,6.00,0.30,186.30,354.00,7.00,232.09,355.00,1.00,253.96,359.00,1.00,-1.35,4.00,-6.10,1003.13,1007.50,998.70,1.01,4.40,-2.80,62.35,75.50,43.10,0.00,0.00,0.00,0.48,30.00,0.00,0.00,0.00,0.00,0.00,0.00,0.00,
2017-01-01 00:00:00+01,0.49,2.80,0.00,1.10,4.00,0.20,1.66,5.30,0.40,171.87,356.00,3.00,213.74,355.00,59.00,244.09,359.00,0.00,-1.36,4.60,-4.70,993.01,998.10,988.90,1.03,5.10,-1.50,56.90,69.40,33.40,0.00,0.02,0.00,3.74,90.00,0.00,0.00,0.80,0.00,0.03,0.80,0.00,
2017-01-02 00:00:00+01,0.74,3.90,0.00,2.32,7.10,0.20,3.91,10.10,0.50,203.39,353.00,0.00,249.39,356.00,1.00,241.70,359.00,0.00,-1.75,2.00,-5.60,986.62,989.10,985.40,0.53,3.00,-2.80,67.02,79.20,50.20,0.01,0.03,0.00,163.17,490.00,0.00,0.00,0.20,0.00,0.07,0.20,0.00,
2017-01-03 00:00:00+01,1.27,6.40,0.00,3.97,9.70,0.30,6.48,15.60,0.90,200.78,280.00,92.00,256.22,329.00,224.00,259.30,359.00,0.00,-0.48,2.10,-2.50,988.59,991.00,982.50,1.20,3.00,-0.10,71.24,77.40,61.10,0.01,0.03,0.00,60.30,490.00,0.00,0.00,0.50,0.00,0.28,0.60,0.00,
2017-01-04 00:00:00+01,1.89,6.70,0.20,6.07,12.40,1.70,9.87,16.90,4.10,194.65,271.00,79.00,253.91,312.00,223.00,250.13,359.00,0.00,1.53,3.40,-0.30,972.67,981.00,968.60,2.54,4.10,1.00,68.71,81.90,58.00,0.03,0.13,0.00,275.09,890.00,0.00,0.00,3.50,0.00,0.72,4.50,0.00,
2017-01-05 00:00:00+01,0.95,4.10,0.00,3.12,7.10,0.40,5.44,12.30,0.70,260.43,359.00,0.00,288.22,359.00,0.00,125.04,359.00,0.00,-3.86,0.50,-9.00,987.22,999.90,974.40,-1.36,2.00,-5.30,57.72,72.90,42.50,0.02,0.16,0.00,145.48,1060.00,10.00,0.00,0.90,0.00,0.29,4.50,0.00,
2017-01-06 00:00:00+01,0.65,3.20,0.00,1.95,5.80,0.30,3.33,8.70,0.80,264.35,359.00,0.00,263.83,359.00,0.00,102.52,359.00,0.00,-12.39,-9.10,-16.40,1005.29,1007.90,1000.30,-7.42,-5.10,-10.30,57.44,64.80,48.70,0.00,0.01,0.00,4.87,110.00,0.00,0.00,0.00,0.00,0.00,0.10,0.00,
2017-01-07 00:00:00+01,0.67,4.30,0.00,1.80,5.30,0.30,3.00,7.60,0.60,216.13,293.00,58.00,267.57,342.00,175.00,241.09,359.00,0.00,-17.57,-14.30,-20.90,1005.59,1008.10,1001.50,-14.11,-10.20,-17.80,65.52,69.90,59.20,0.00,0.00,0.00,0.00,0.00,0.00,0.00,0.00,0.00,0.00,0.00,0.00,
2017-01-08 00:00:00+01,0.34,1.50,0.00,0.91,2.20,0.30,1.57,3.40,0.60,219.70,298.00,33.00,269.17,350.00,158.00,220.52,359.00,0.00,-14.75,-8.40,-20.80,1001.05,1001.90,999.90,-10.48,-4.10,-17.30,59.51,68.80,46.40,0.00,0.00,0.00,0.00,0.00,0.00,0.00,0.00,0.00,0.00,0.00,0.00,
2017-01-09 00:00:00+01,0.41,1.80,0.00,1.09,3.30,0.20,1.73,4.90,0.60,194.78,351.00,37.00,246.13,359.00,100.00,221.65,359.00,0.00,-9.16,-5.80,-12.50,999.38,1001.00,996.70,-4.97,-2.20,-7.60,53.80,65.70,41.60,0.00,0.00,0.00,0.00,0.00,0.00,0.00,0.00,0.00,0.00,0.00,0.00,
2017-01-10 00:00:00+01,0.38,2.20,0.00,1.13,3.00,0.20,1.90,4.50,0.40,180.22,359.00,0.00,132.78,359.00,0.00,145.87,359.00,0.00,-7.48,-4.20,-12.70,993.57,996.50,991.50,-3.60,-0.50,-7.10,60.05,71.20,47.80,0.00,0.00,0.00,0.00,0.00,0.00,0.00,0.00,0.00,0.00,0.00,0.00,
2017-01-11 00:00:00+01,0.28,1.80,0.00,0.79,3.00,0.20,1.41,4.20,0.30,211.43,359.00,0.00,202.70,359.00,0.00,181.65,359.00,0.00,-10.08,-3.20,-15.70,989.33,995.10,977.80,-5.15,0.00,-9.50,61.16,71.00,44.60,0.00,0.00,0.00,0.00,0.00,0.00,0.00,0.00,0.00,0.00,0.00,0.00,
2017-01-12 00:00:00+01,1.06,6.00,0.00,3.25,7.90,0.30,5.38,13.20,0.70,196.04,356.00,5.00,250.91,351.00,1.00,242.61,359.00,0.00,0.30,3.20,-8.70,979.30,981.80,976.60,1.78,4.00,-4.60,65.24,77.10,58.10,0.00,0.00,0.00,5.61,20.00,0.00,0.00,0.00,0.00,0.00,0.00,0.00,
2017-01-13 00:00:00+01,0.69,4.00,0.00,2.13,7.30,0.10,3.59,10.30,0.40,175.04,359.00,0.00,196.39,359.00,0.00,199.30,359.00,0.00,3.27,7.10,-0.80,970.34,978.80,968.10,4.12,7.40,1.10,54.11,62.70,42.80,0.00,0.00,0.00,0.87,20.00,0.00,0.00,0.00,0.00,0.00,0.00,0.00,
2017-01-14 00:00:00+01,0.71,3.30,0.00,2.34,5.80,0.40,3.86,10.00,0.90,221.00,312.00,79.00,275.26,345.00,222.00,244.48,359.00,0.00,1.16,2.60,-0.30,974.14,980.70,969.40,2.49,3.50,1.20,64.12,75.50,51.40,0.00,0.00,0.00,0.00,0.00,0.00,0.00,0.00,0.00,0.00,0.00,0.00,
2017-01-15 00:00:00+01,0.76,4.50,0.00,2.00,5.80,0.20,3.19,8.40,0.40,207.00,358.00,3.00,255.22,358.00,0.00,235.61,359.00,0.00,-0.61,1.40,-3.70,986.79,990.70,981.30,1.29,2.70,-0.20,69.26,78.40,58.10,0.00,0.00,0.00,6.61,10.00,0.00,0.00,0.00,0.00,0.00,0.00,0.00,
2017-01-16 00:00:00+01,0.42,2.80,0.00,1.08,4.90,0.10,1.72,6.30,0.30,226.43,359.00,0.00,221.74,358.00,0.00,191.39,359.00,0.00,-1.50,0.70,-4.40,993.88,998.70,991.00,0.93,2.40,-0.70,61.61,69.60,52.20,0.00,0.00,0.00,0.43,10.00,0.00,0.00,0.00,0.00,0.00,0.00,0.00,
2017-01-17 00:00:00+01,0.49,3.10,0.00,1.53,4.80,0.20,2.64,6.60,0.40,178.26,359.00,0.00,128.13,359.00,0.00,140.30,359.00,1.00,-3.20,-1.40,-5.50,1004.21,1008.90,999.10,-0.41,0.90,-2.80,68.29,76.80,62.70,0.00,0.00,0.00,0.00,0.00,0.00,0.00,0.00,0.00,0.00,0.00,0.00,
2017-01-18 00:00:00+01,0.59,3.30,0.00,2.01,4.40,0.50,3.43,8.00,1.20,157.74,359.00,0.00,66.91,147.00,1.00,128.30,279.00,35.00,-6.11,-4.90,-7.70,1011.30,1012.60,1009.10,-3.12,-1.70,-4.50,72.04,78.70,65.70,0.00,0.00,0.00,0.00,0.00,0.00,0.00,0.00,0.00,0.00,0.00,0.00,
2017-01-19 00:00:00+01,0.37,2.20,0.00,1.22,3.90,0.30,2.13,6.30,0.60,186.09,359.00,0.00,162.17,358.00,0.00,180.48,359.00,0.00,-6.27,-4.20,-10.90,1010.73,1011.90,1009.40,-2.76,-0.50,-6.60,68.85,73.90,61.60,0.00,0.00,0.00,0.00,0.00,0.00,0.00,0.00,0.00,0.00,0.00,0.00,
2017-01-20 00:00:00+01,0.57,2.70,0.00,1.49,4.10,0.20,2.35,5.80,0.50,191.35,359.00,53.00,241.35,356.00,0.00,242.26,359.00,0.00,-3.25,0.50,-10.20,1007.26,1009.30,1005.40,-0.69,2.10,-6.00,56.93,74.00,41.10,0.00,0.00,0.00,0.00,0.00,0.00,0.00,0.00,0.00,0.00,0.00,0.00,
2017-01-21 00:00:00+01,0.57,3.50,0.00,1.44,4.70,0.10,2.23,6.50,0.40,209.13,352.00,39.00,253.30,359.00,5.00,233.96,359.00,0.00,0.76,2.60,-0.80,1005.27,1006.40,1004.50,2.26,3.50,1.00,62.51,75.80,52.90,0.00,0.00,0.00,0.00,0.00,0.00,0.00,0.00,0.00,0.00,0.00,0.00,
2017-01-22 00:00:00+01,0.38,2.90,0.00,1.16,3.80,0.10,1.94,5.30,0.40,156.00,359.00,0.00,92.65,359.00,0.00,148.43,359.00,1.00,1.01,3.70,-3.20,1004.62,1006.30,1002.40,2.56,4.70,-0.20,66.46,76.40,56.00,0.00,0.00,0.00,0.00,0.00,0.00,0.00,0.00,0.00,0.00,0.00,0.00,
2017-01-23 00:00:00+01,0.28,1.30,0.00,0.73,1.80,0.20,1.25,2.60,0.40,195.17,356.00,2.00,227.61,359.00,0.00,210.39,359.00,0.00,-2.80,3.00,-6.80,998.43,1002.10,996.00,0.03,3.80,-3.30,72.10,80.80,55.90,0.00,0.00,0.00,0.00,0.00,0.00,0.00,0.00,0.00,0.00,0.00,0.00,
2017-01-24 00:00:00+01,0.62,2.90,0.00,1.72,4.90,0.20,2.77,7.00,0.60,209.04,316.00,22.00,263.00,341.00,154.00,229.74,359.00,0.00,-4.50,-3.20,-6.30,998.65,1001.10,996.80,-1.53,-0.40,-3.30,69.16,74.20,61.20,0.00,0.00,0.00,0.00,0.00,0.00,0.00,0.00,0.00,0.00,0.00,0.00,
2017-01-25 00:00:00+01,0.53,2.50,0.00,1.23,3.30,0.20,1.87,3.90,0.40,189.30,356.00,20.00,236.57,338.00,2.00,245.70,359.00,0.00,-2.04,-0.40,-3.80,1002.42,1004.60,1001.00,0.36,1.70,-1.20,73.05,77.10,69.90,0.00,0.00,0.00,0.00,0.00,0.00,0.00,0.00,0.00,0.00,0.00,0.00,
2017-01-26 00:00:00+01,0.37,2.50,0.00,1.14,3.70,0.10,1.96,4.90,0.30,185.48,359.00,0.00,107.43,359.00,0.00,133.13,359.00,2.00,-2.02,-0.10,-6.50,1005.74,1007.50,1004.70,0.60,1.90,-1.80,70.73,77.40,61.90,0.00,0.00,0.00,0.00,0.00,0.00,0.00,0.00,0.00,0.00,0.00,0.00,
2017-01-27 00:00:00+01,0.30,1.30,0.00,0.71,1.90,0.10,1.16,3.20,0.30,221.65,359.00,1.00,248.83,359.00,0.00,215.17,359.00,0.00,-4.59,3.30,-10.30,1001.10,1004.90,998.70,-1.27,4.20,-5.70,60.21,73.20,33.70,0.00,0.00,0.00,0.00,0.00,0.00,0.00,0.00,0.00,0.00,0.00,0.00,
2017-01-28 00:00:00+01,0.32,1.40,0.00,0.74,1.90,0.10,1.22,3.70,0.30,205.74,359.00,0.00,228.43,359.00,0.00,231.48,359.00,0.00,-5.33,0.60,-9.90,997.31,998.50,996.20,-1.64,2.40,-5.50,60.28,69.70,42.90,0.00,0.00,0.00,0.00,0.00,0.00,0.00,0.00,0.00,0.00,0.00,0.00,
2017-01-29 00:00:00+01,0.29,1.30,0.00,0.67,1.90,0.10,1.12,2.60,0.20,203.22,359.00,0.00,224.39,357.00,3.00,228.91,359.00,0.00,-5.25,1.50,-10.60,998.06,999.10,997.30,-1.70,2.90,-5.90,62.15,73.10,43.30,0.00,0.00,0.00,0.00,0.00,0.00,0.00,0.00,0.00,0.00,0.00,0.00,
2017-01-30 00:00:00+01,0.31,1.20,0.00,0.76,2.00,0.20,1.23,3.10,0.30,197.43,359.00,0.00,217.35,359.00,0.00,207.43,359.00,0.00,-4.65,3.20,-11.00,995.09,997.80,992.10,-1.40,4.10,-6.30,60.69,73.00,39.90,0.00,0.00,0.00,0.00,0.00,0.00,0.00,0.00,0.00,0.00,0.00,0.00,
2017-01-31 00:00:00+01,0.42,2.40,0.00,1.08,3.50,0.10,1.77,5.10,0.40,172.43,359.00,0.00,133.91,359.00,1.00,152.52,359.00,0.00,-2.93,3.20,-9.30,992.21,993.20,991.20,-0.15,4.00,-5.20,60.96,72.90,47.00,0.00,0.00,0.00,0.00,0.00,0.00,0.00,0.00,0.00,0.00,0.00,0.00,
2017-02-01 00:00:00+01,0.31,2.10,0.00,0.88,2.60,0.20,1.45,3.90,0.30,167.39,359.00,0.00,129.22,359.00,2.00,147.17,359.00,0.00,-0.26,2.40,-2.90,994.39,995.50,991.90,1.75,3.50,0.00,63.21,70.70,54.40,0.01,0.13,0.00,75.78,930.00,0.00,0.00,1.00,0.00,0.11,1.00,0.00,
2017-02-02 00:00:00+01,0.42,2.50,0.00,1.16,3.60,0.10,1.85,6.20,0.30,224.30,359.00,0.00,244.35,359.00,0.00,188.52,359.00,0.00,1.49,4.90,-0.30,990.03,992.10,987.20,2.83,5.80,1.30,72.70,79.70,59.30,0.02,0.32,0.00,170.30,1540.00,0.00,0.00,0.30,0.00,0.57,4.30,0.00,
2017-02-03 00:00:00+01,0.34,2.30,0.00,1.09,4.00,0.10,1.86,6.60,0.30,172.00,359.00,0.00,129.91,359.00,0.00,157.04,359.00,0.00,2.38,5.30,0.90,984.32,986.90,982.90,3.42,6.20,2.20,77.32,82.40,68.60,1.57,1.86,0.00,6259.04,7430.00,0.00,0.08,4.20,0.00,4.13,4.70,0.00,
2017-02-04 00:00:00+01,0.49,2.50,0.00,1.85,4.10,0.30,3.26,6.50,0.70,143.61,359.00,0.00,67.70,132.00,16.00,130.96,260.00,59.00,1.02,1.50,0.50,981.50,983.60,979.40,2.37,2.80,1.90,82.63,83.60,81.10,0.08,1.86,0.00,328.43,7430.00,0.00,0.00,0.00,0.00,0.21,4.70,0.00,
2017-02-05 00:00:00+01,0.29,2.80,0.00,0.83,4.60,0.10,1.36,6.20,0.20,163.35,359.00,0.00,158.83,359.00,1.00,194.26,359.00,0.00,2.00,3.70,0.60,979.11,981.60,977.70,3.15,4.40,2.10,81.46,83.80,76.80,0.79,1.25,0.00,7606.09,12240.00,0.00,0.05,0.80,0.00,0.70,1.00,0.00,
2017-02-06 00:00:00+01,0.56,2.80,0.00,1.76,4.00,0.10,2.94,6.10,0.30,158.04,359.00,0.00,64.57,354.00,1.00,121.61,354.00,4.00,0.35,2.80,-1.50,987.59,991.90,981.70,1.97,3.70,0.70,77.78,82.40,72.20,0.06,1.25,0.00,541.04,12240.00,0.00,0.00,0.00,0.00,0.04,1.00,0.00,
2017-02-07 00:00:00+01,0.81,3.60,0.00,2.48,6.10,0.40,4.17,10.40,1.00,163.17,359.00,0.00,53.35,348.00,2.00,109.96,246.00,27.00,-3.61,-1.70,-6.10,993.40,995.30,992.00,-0.99,0.60,-3.50,73.71,79.10,66.40,0.03,0.05,0.00,17.96,30.00,0.00,0.00,2.70,0.00,1.81,2.70,0.00,
2017-02-08 00:00:00+01,0.68,3.10,0.00,2.53,5.00,0.50,4.48,8.40,1.40,165.65,359.00,0.00,63.87,120.00,12.00,128.57,262.00,49.00,-6.91,-5.90,-8.10,999.43,1003.90,995.50,-3.84,-2.60,-4.70,65.39,69.40,59.40,0.00,0.05,0.00,1.35,30.00,0.00,0.00,0.00,0.00,0.12,2.70,0.00,
2017-02-09 00:00:00+01,0.59,2.70,0.00,2.31,4.90,0.50,4.10,7.70,1.10,163.48,359.00,0.00,68.30,127.00,14.00,134.83,281.00,51.00,-6.03,-4.40,-7.40,1004.86,1005.50,1004.20,-3.11,-1.50,-4.30,65.69,70.20,61.00,0.00,0.00,0.00,0.00,0.00,0.00,0.00,0.00,0.00,0.00,0.00,0.00,
2017-02-10 00:00:00+01,0.64,3.10,0.00,2.51,5.60,0.50,4.53,8.80,1.10,157.13,359.00,0.00,69.96,114.00,26.00,136.65,263.00,53.00,-3.35,-0.10,-5.20,1003.28,1004.20,1002.50,-0.84,1.80,-2.50,57.04,68.20,39.40,0.00,0.00,0.00,0.00,0.00,0.00,0.00,0.00,0.00,0.00,0.00,0.00,
2017-02-11 00:00:00+01,0.65,3.40,0.00,2.59,6.30,0.60,4.63,9.30,1.10,157.48,359.00,0.00,67.30,121.00,24.00,133.48,269.00,47.00,-6.15,-2.50,-9.10,1002.81,1003.70,1002.20,-3.04,0.10,-5.30,55.24,65.40,43.30,0.00,0.00,0.00,0.00,0.00,0.00,0.00,0.00,0.00,0.00,0.00,0.00,
2017-02-12 00:00:00+01,0.56,2.70,0.00,2.19,5.20,0.30,3.86,7.90,0.90,161.17,359.00,0.00,66.09,111.00,3.00,131.22,245.00,47.00,-6.00,-1.60,-9.30,1006.84,1008.70,1003.80,-2.82,0.80,-5.50,63.32,70.20,51.30,0.00,0.00,0.00,0.00,0.00,0.00,0.00,0.00,0.00,0.00,0.00,0.00,
2017-02-13 00:00:00+01,0.52,3.10,0.00,1.76,5.70,0.30,3.09,7.90,0.70,175.61,359.00,0.00,101.13,356.00,0.00,149.74,359.00,0.00,-6.19,-4.90,-7.00,1009.89,1011.00,1008.70,-2.96,-1.20,-4.10,72.39,76.90,67.70,0.00,0.00,0.00,0.00,0.00,0.00,0.00,0.00,0.00,0.00,0.00,0.00,
2017-02-14 00:00:00+01,0.56,3.00,0.00,1.51,4.70,0.10,2.41,6.90,0.40,204.65,358.00,0.00,255.87,357.00,0.00,219.91,359.00,0.00,-2.37,5.50,-8.00,1008.03,1009.40,1007.10,-0.15,6.00,-4.70,66.54,79.10,44.10,0.00,0.00,0.00,0.00,0.00,0.00,0.00,0.00,0.00,0.00,0.00,0.00,
2017-02-15 00:00:00+01,0.28,1.60,0.00,0.70,2.90,0.10,1.20,3.70,0.30,203.91,359.00,0.00,205.30,359.00,0.00,192.52,359.00,0.00,2.31,10.90,-4.00,1008.10,1009.40,1006.50,4.14,11.90,-0.80,53.46,74.50,24.30,0.00,0.00,0.00,0.00,0.00,0.00,0.00,0.00,0.00,0.00,0.00,0.00,
2017-02-16 00:00:00+01,0.44,3.30,0.00,1.22,4.90,0.10,1.97,6.60,0.30,203.13,357.00,0.00,249.70,357.00,14.00,243.26,359.00,0.00,3.42,11.50,-3.50,1002.79,1006.10,999.50,4.86,12.20,-0.40,54.72,72.60,33.20,0.00,0.00,0.00,0.00,0.00,0.00,0.00,0.00,0.00,0.00,0.00,0.00,
2017-02-17 00:00:00+01,0.52,3.40,0.00,1.38,5.60,0.10,2.18,10.10,0.30,205.78,359.00,19.00,250.91,357.00,0.00,246.13,359.00,0.00,2.30,7.50,-0.60,994.73,998.90,992.70,3.41,7.90,1.40,70.41,79.90,52.10,0.70,1.94,0.00,3383.17,9610.00,0.00,0.08,2.80,0.00,1.19,3.00,0.00,
2017-02-18 00:00:00+01,0.59,2.90,0.00,1.70,4.50,0.20,2.75,6.10,0.60,215.00,290.00,61.00,267.87,331.00,174.00,239.96,359.00,0.00,2.78,4.10,1.30,996.05,998.50,993.70,3.53,4.50,2.60,78.11,81.10,72.90,0.12,1.94,0.00,900.57,9610.00,0.00,0.00,0.40,0.00,0.56,3.00,0.00,
2017-02-19 00:00:00+01,0.58,3.00,0.00,1.44,5.10,0.10,2.24,6.80,0.40,193.09,283.00,8.00,241.48,337.00,124.00,237.74,359.00,0.00,3.34,5.30,1.80,996.19,998.60,993.30,4.01,5.70,2.90,69.96,82.10,52.20,0.00,0.07,0.00,42.87,970.00,0.00,0.00,0.00,0.00,0.02,0.50,0.00,
2017-02-20 00:00:00+01,0.79,4.60,0.00,2.30,7.60,0.10,3.73,12.10,0.20,208.26,355.00,35.00,256.30,357.00,8.00,236.70,359.00,0.00,3.46,7.80,-2.30,990.01,993.50,983.00,4.48,8.30,0.30,61.87,76.40,49.40,0.00,0.00,0.00,0.39,60.00,0.00,0.00,0.00,0.00,0.00,0.00,0.00,
2017-02-21 00:00:00+01,1.20,6.30,0.00,3.84,8.90,0.40,6.35,12.30,1.20,206.65,335.00,65.00,262.96,354.00,3.00,252.39,359.00,0.00,6.21,8.70,4.50,980.25,984.10,978.30,6.32,8.90,4.70,74.19,81.10,64.10,2.60,6.87,0.00,5294.26,10860.00,0.00,0.30,25.80,0.00,11.79,28.30,0.00,
2017-02-22 00:00:00+01,1.49,7.30,0.00,4.68,11.50,0.20,7.55,19.30,0.50,197.78,356.00,2.00,244.04,359.00,0.00,238.78,359.00,0.00,7.59,11.20,3.20,979.20,985.30,972.60,7.84,11.30,3.90,64.17,71.60,55.30,0.45,6.89,0.00,1535.65,11010.00,0.00,0.07,2.20,0.00,1.80,28.30,0.00,
2017-02-23 00:00:00+01,1.00,5.50,0.00,3.05,11.10,0.10,5.00,18.10,0.30,188.57,358.00,0.00,243.26,335.00,69.00,244.48,359.00,0.00,7.40,13.60,4.90,974.24,977.70,967.20,7.48,13.70,4.90,69.52,81.60,37.40,0.45,2.24,0.00,4162.61,9400.00,10.00,0.04,7.90,0.00,1.19,10.90,0.00,
2017-02-24 00:00:00+01,1.50,8.60,0.10,5.11,14.80,0.60,8.76,24.70,1.30,205.96,309.00,77.00,266.57,338.00,211.00,226.26,359.00,0.00,7.42,13.00,0.30,974.17,987.30,965.90,7.85,13.10,1.90,47.68,65.20,35.90,0.35,0.59,0.00,1692.17,4620.00,0.00,0.02,3.10,0.00,2.48,3.20,0.00,
2017-02-25 00:00:00+01,0.77,5.70,0.00,2.61,10.00,0.30,4.48,14.80,0.70,206.74,356.00,12.00,264.04,335.00,153.00,234.30,359.00,0.00,1.45,4.80,-0.90,992.54,995.50,988.00,2.69,5.30,0.90,56.67,73.90,38.00,0.03,0.59,0.00,116.26,2630.00,0.00,0.00,0.00,0.00,0.14,3.20,0.00,
2017-02-26 00:00:00+01,0.73,5.40,0.00,2.21,9.40,0.10,3.58,14.50,0.30,215.74,359.00,0.00,239.17,359.00,0.00,215.65,359.00,0.00,4.97,8.60,0.80,989.19,994.10,987.00,5.59,8.80,2.40,42.30,61.70,26.50,0.00,0.00,0.00,0.00,0.00,0.00,0.00,0.00,0.00,0.00,0.00,0.00,
2017-02-27 00:00:00+01,0.43,2.50,0.00,1.15,4.90,0.10,1.88,7.50,0.30,172.09,359.00,0.00,198.52,358.00,0.00,219.30,359.00,0.00,9.88,17.10,2.60,984.92,988.50,978.90,10.55,18.40,3.50,35.92,57.80,18.00,0.00,0.00,0.00,0.00,0.00,0.00,0.00,0.00,0.00,0.00,0.00,0.00,
2017-02-28 00:00:00+01,0.83,6.60,0.00,2.26,10.20,0.10,3.56,15.20,0.30,193.61,359.00,0.00,213.04,359.00,0.00,208.91,359.00,0.00,9.64,14.40,3.10,974.12,978.50,972.10,9.95,15.00,3.80,48.41,68.10,33.40,0.00,0.00,0.00,0.00,0.00,0.00,0.00,0.00,0.00,0.00,0.00,0.00,